pH,total sulfur dioxide,chlorides,residual sugar,citric acid,quality white
3.13 ,125.0 mg/dm^3,0.021 g(sodium chloride)/dm^3,5.7 g/dm^3,0.38 g/dm^3,True
3.05 ,111.0 mg/dm^3,0.04 g(sodium chloride)/dm^3,9.5 g/dm^3,0.22 g/dm^3,False
3.27 ,218.5 mg/dm^3,0.042 g(sodium chloride)/dm^3,2.5 g/dm^3,0.32 g/dm^3,False
3.22 ,138.0 mg/dm^3,0.047 g(sodium chloride)/dm^3,2.1 g/dm^3,0.3 g/dm^3,False
3.24 ,99.0 mg/dm^3,0.038 g(sodium chloride)/dm^3,5.1 g/dm^3,0.34 g/dm^3,True
3.42 ,117.0 mg/dm^3,0.045 g(sodium chloride)/dm^3,1.5 g/dm^3,0.34 g/dm^3,True
3.52 ,107.0 mg/dm^3,0.047 g(sodium chloride)/dm^3,1.4 g/dm^3,0.29 g/dm^3,True
2.89 ,109.0 mg/dm^3,0.049 g(sodium chloride)/dm^3,0.9 g/dm^3,0.37 g/dm^3,False
3.33 ,10.0 mg/dm^3,0.066 g(sodium chloride)/dm^3,1.9 g/dm^3,0.48 g/dm^3,False
2.93 ,106.0 mg/dm^3,0.029 g(sodium chloride)/dm^3,5.35 g/dm^3,0.29 g/dm^3,True
3.02 ,94.0 mg/dm^3,0.112 g(sodium chloride)/dm^3,13.1 g/dm^3,0.38 g/dm^3,False
3.54 ,12.0 mg/dm^3,0.086 g(sodium chloride)/dm^3,3.1 g/dm^3,0.1 g/dm^3,False
3.11 ,176.0 mg/dm^3,0.048 g(sodium chloride)/dm^3,8.1 g/dm^3,0.33 g/dm^3,True
3.48 ,157.0 mg/dm^3,0.028 g(sodium chloride)/dm^3,2.5 g/dm^3,0.36 g/dm^3,True
3.19 ,99.0 mg/dm^3,0.041 g(sodium chloride)/dm^3,1.2 g/dm^3,0.27 g/dm^3,True
3.29 ,14.0 mg/dm^3,0.082 g(sodium chloride)/dm^3,3.6 g/dm^3,0.34 g/dm^3,False
3.12 ,149.0 mg/dm^3,0.07 g(sodium chloride)/dm^3,1.7 g/dm^3,0.49 g/dm^3,False
3.21 ,135.0 mg/dm^3,0.04 g(sodium chloride)/dm^3,13.9 g/dm^3,0.31 g/dm^3,False
3.22 ,22.0 mg/dm^3,0.062 g(sodium chloride)/dm^3,5.1 g/dm^3,0.34 g/dm^3,False
3.4 ,22.0 mg/dm^3,0.072 g(sodium chloride)/dm^3,2.0 g/dm^3,0.23 g/dm^3,False
3.08 ,100.0 mg/dm^3,0.036 g(sodium chloride)/dm^3,7.1 g/dm^3,0.29 g/dm^3,True
3.21 ,10.0 mg/dm^3,0.101 g(sodium chloride)/dm^3,4.0 g/dm^3,0.53 g/dm^3,False
3.27 ,47.0 mg/dm^3,0.076 g(sodium chloride)/dm^3,2.4 g/dm^3,0.33 g/dm^3,False
3.16 ,114.0 mg/dm^3,0.043 g(sodium chloride)/dm^3,4.2 g/dm^3,0.29 g/dm^3,True
3.22 ,13.0 mg/dm^3,0.104 g(sodium chloride)/dm^3,2.4 g/dm^3,0.5 g/dm^3,False
3.23 ,186.0 mg/dm^3,0.048 g(sodium chloride)/dm^3,7.7 g/dm^3,0.18 g/dm^3,False
3.11 ,147.0 mg/dm^3,0.042 g(sodium chloride)/dm^3,1.3 g/dm^3,0.49 g/dm^3,False
3.55 ,117.0 mg/dm^3,0.03 g(sodium chloride)/dm^3,1.1 g/dm^3,0.49 g/dm^3,True
3.08 ,166.0 mg/dm^3,0.041 g(sodium chloride)/dm^3,10.3 g/dm^3,0.26 g/dm^3,True
3.3 ,19.0 mg/dm^3,0.075 g(sodium chloride)/dm^3,1.8 g/dm^3,0.05 g/dm^3,False
3.21 ,76.0 mg/dm^3,0.024 g(sodium chloride)/dm^3,1.7 g/dm^3,0.27 g/dm^3,True
3.16 ,42.0 mg/dm^3,0.098 g(sodium chloride)/dm^3,2.7 g/dm^3,0.49 g/dm^3,False
3.11 ,181.0 mg/dm^3,0.035 g(sodium chloride)/dm^3,8.75 g/dm^3,0.33 g/dm^3,False
3.36 ,93.0 mg/dm^3,0.037 g(sodium chloride)/dm^3,1.5 g/dm^3,0.23 g/dm^3,True
3.27 ,24.0 mg/dm^3,0.09 g(sodium chloride)/dm^3,3.8 g/dm^3,0.49 g/dm^3,False
3.47 ,209.0 mg/dm^3,0.049 g(sodium chloride)/dm^3,10.6 g/dm^3,0.32 g/dm^3,True
3.47 ,212.0 mg/dm^3,0.048 g(sodium chloride)/dm^3,13.3 g/dm^3,0.22 g/dm^3,False
3.22 ,7.0 mg/dm^3,0.056 g(sodium chloride)/dm^3,2.6 g/dm^3,0.08 g/dm^3,False
3.41 ,11.0 mg/dm^3,0.086 g(sodium chloride)/dm^3,4.65 g/dm^3,0.05 g/dm^3,False
3.24 ,153.0 mg/dm^3,0.039 g(sodium chloride)/dm^3,17.5 g/dm^3,0.35 g/dm^3,True
3.51 ,34.0 mg/dm^3,0.076 g(sodium chloride)/dm^3,1.9 g/dm^3,0.0 g/dm^3,False
3.54 ,88.0 mg/dm^3,0.039 g(sodium chloride)/dm^3,1.6 g/dm^3,0.19 g/dm^3,True
3.28 ,145.0 mg/dm^3,0.053 g(sodium chloride)/dm^3,14.1 g/dm^3,0.44 g/dm^3,True
3.14 ,131.0 mg/dm^3,0.035 g(sodium chloride)/dm^3,11.7 g/dm^3,0.49 g/dm^3,False
3.26 ,131.0 mg/dm^3,0.047 g(sodium chloride)/dm^3,1.1 g/dm^3,0.3 g/dm^3,False
3.15 ,137.0 mg/dm^3,0.054 g(sodium chloride)/dm^3,11.2 g/dm^3,0.45 g/dm^3,False
3.23 ,149.0 mg/dm^3,0.053 g(sodium chloride)/dm^3,7.9 g/dm^3,0.22 g/dm^3,False
3.38 ,170.0 mg/dm^3,0.045 g(sodium chloride)/dm^3,1.8 g/dm^3,0.34 g/dm^3,True
3.05 ,169.0 mg/dm^3,0.04 g(sodium chloride)/dm^3,1.7 g/dm^3,0.49 g/dm^3,False
3.09 ,184.0 mg/dm^3,0.063 g(sodium chloride)/dm^3,8.8 g/dm^3,0.27 g/dm^3,True
3.23 ,36.0 mg/dm^3,0.057 g(sodium chloride)/dm^3,2.2 g/dm^3,0.37 g/dm^3,False
3.1 ,97.0 mg/dm^3,0.041 g(sodium chloride)/dm^3,7.1 g/dm^3,0.23 g/dm^3,True
3.23 ,172.0 mg/dm^3,0.08 g(sodium chloride)/dm^3,4.6 g/dm^3,0.27 g/dm^3,True
3.31 ,60.0 mg/dm^3,0.094 g(sodium chloride)/dm^3,2.5 g/dm^3,0.38 g/dm^3,False
3.0 ,125.0 mg/dm^3,0.038 g(sodium chloride)/dm^3,8.6 g/dm^3,0.35 g/dm^3,True
3.53 ,91.0 mg/dm^3,0.033 g(sodium chloride)/dm^3,1.3 g/dm^3,0.3 g/dm^3,True
3.67 ,26.0 mg/dm^3,0.089 g(sodium chloride)/dm^3,1.7 g/dm^3,0.09 g/dm^3,False
3.16 ,98.0 mg/dm^3,0.094 g(sodium chloride)/dm^3,5.2 g/dm^3,0.19 g/dm^3,False
3.39 ,21.0 mg/dm^3,0.086 g(sodium chloride)/dm^3,2.0 g/dm^3,0.42 g/dm^3,False
3.19 ,175.0 mg/dm^3,0.054 g(sodium chloride)/dm^3,2.2 g/dm^3,0.4 g/dm^3,False
3.03 ,138.0 mg/dm^3,0.051 g(sodium chloride)/dm^3,8.5 g/dm^3,0.23 g/dm^3,False
3.14 ,28.0 mg/dm^3,0.087 g(sodium chloride)/dm^3,2.2 g/dm^3,0.24 g/dm^3,False
3.19 ,126.0 mg/dm^3,0.037 g(sodium chloride)/dm^3,1.4 g/dm^3,0.32 g/dm^3,False
3.26 ,245.0 mg/dm^3,0.048 g(sodium chloride)/dm^3,12.2 g/dm^3,0.44 g/dm^3,True
3.33 ,58.0 mg/dm^3,0.078 g(sodium chloride)/dm^3,2.25 g/dm^3,0.31 g/dm^3,False
3.19 ,176.0 mg/dm^3,0.049 g(sodium chloride)/dm^3,5.5 g/dm^3,0.32 g/dm^3,True
3.11 ,169.0 mg/dm^3,0.045 g(sodium chloride)/dm^3,7.7 g/dm^3,0.49 g/dm^3,True
3.29 ,167.0 mg/dm^3,0.04 g(sodium chloride)/dm^3,6.6 g/dm^3,0.21 g/dm^3,False
3.06 ,194.0 mg/dm^3,0.044 g(sodium chloride)/dm^3,15.3 g/dm^3,0.29 g/dm^3,True
3.52 ,71.0 mg/dm^3,0.082 g(sodium chloride)/dm^3,2.3 g/dm^3,9.086394540156872 g/dm^3,False
3.26 ,165.0 mg/dm^3,0.048 g(sodium chloride)/dm^3,2.7 g/dm^3,0.28 g/dm^3,True
3.26 ,82.0 mg/dm^3,0.057 g(sodium chloride)/dm^3,7.9 g/dm^3,0.28 g/dm^3,True
3.4 ,172.0 mg/dm^3,0.039 g(sodium chloride)/dm^3,16.7 g/dm^3,0.3 g/dm^3,False
3.16 ,37.0 mg/dm^3,0.11 g(sodium chloride)/dm^3,2.2 g/dm^3,0.43 g/dm^3,False
3.08 ,154.0 mg/dm^3,0.055 g(sodium chloride)/dm^3,1.6 g/dm^3,0.37 g/dm^3,False
2.94 ,135.0 mg/dm^3,0.05 g(sodium chloride)/dm^3,1.6 g/dm^3,0.42 g/dm^3,True
3.22 ,124.0 mg/dm^3,0.042 g(sodium chloride)/dm^3,10.8 g/dm^3,0.25 g/dm^3,True
3.24 ,73.0 mg/dm^3,0.033 g(sodium chloride)/dm^3,1.0 g/dm^3,0.34 g/dm^3,True
3.26 ,179.0 mg/dm^3,0.036 g(sodium chloride)/dm^3,15.7 g/dm^3,0.31 g/dm^3,False
3.36 ,138.0 mg/dm^3,0.029 g(sodium chloride)/dm^3,1.4 g/dm^3,0.33 g/dm^3,True
3.57 ,27.0 mg/dm^3,0.053 g(sodium chloride)/dm^3,2.6 g/dm^3,0.1 g/dm^3,False
3.38 ,48.0 mg/dm^3,0.145 g(sodium chloride)/dm^3,1.5 g/dm^3,0.42 g/dm^3,False
3.26 ,32.0 mg/dm^3,0.077 g(sodium chloride)/dm^3,1.9 g/dm^3,0.22 g/dm^3,False
3.36 ,129.5 mg/dm^3,0.042 g(sodium chloride)/dm^3,14.75 g/dm^3,0.4 g/dm^3,True
3.32 ,17.0 mg/dm^3,0.065 g(sodium chloride)/dm^3,1.9 g/dm^3,0.3 g/dm^3,False
3.32 ,20.0 mg/dm^3,0.074 g(sodium chloride)/dm^3,1.4 g/dm^3,0.07 g/dm^3,False
3.38 ,44.0 mg/dm^3,0.063 g(sodium chloride)/dm^3,2.0 g/dm^3,0.06 g/dm^3,False
3.28 ,103.0 mg/dm^3,0.048 g(sodium chloride)/dm^3,2.4 g/dm^3,0.32 g/dm^3,True
3.07 ,121.0 mg/dm^3,0.046 g(sodium chloride)/dm^3,2.9 g/dm^3,0.31 g/dm^3,True
3.41 ,28.0 mg/dm^3,0.08 g(sodium chloride)/dm^3,2.2 g/dm^3,0.0 g/dm^3,False
3.16 ,9.0 mg/dm^3,0.069 g(sodium chloride)/dm^3,1.5 g/dm^3,0.21 g/dm^3,False
3.23 ,140.0 mg/dm^3,0.079 g(sodium chloride)/dm^3,1.9 g/dm^3,0.26 g/dm^3,False
2.99 ,116.0 mg/dm^3,0.054 g(sodium chloride)/dm^3,4.1 g/dm^3,0.3 g/dm^3,True
3.46 ,31.0 mg/dm^3,0.096 g(sodium chloride)/dm^3,1.9 g/dm^3,0.02 g/dm^3,False
3.08 ,172.0 mg/dm^3,0.048 g(sodium chloride)/dm^3,5.5 g/dm^3,0.51 g/dm^3,True
3.35 ,158.0 mg/dm^3,0.044 g(sodium chloride)/dm^3,4.2 g/dm^3,0.28 g/dm^3,True
3.27 ,18.0 mg/dm^3,0.078 g(sodium chloride)/dm^3,1.6 g/dm^3,0.14 g/dm^3,False
3.1 ,76.0 mg/dm^3,0.038 g(sodium chloride)/dm^3,1.4 g/dm^3,0.28 g/dm^3,True
3.05 ,143.0 mg/dm^3,0.039 g(sodium chloride)/dm^3,2.1 g/dm^3,0.26 g/dm^3,False
3.12 ,121.0 mg/dm^3,0.027 g(sodium chloride)/dm^3,1.2 g/dm^3,0.4 g/dm^3,True
3.2 ,122.0 mg/dm^3,0.039 g(sodium chloride)/dm^3,1.5 g/dm^3,0.38 g/dm^3,True
3.16 ,192.0 mg/dm^3,0.05 g(sodium chloride)/dm^3,10.4 g/dm^3,0.65 g/dm^3,False
3.34 ,156.0 mg/dm^3,0.047 g(sodium chloride)/dm^3,14.55 g/dm^3,0.4 g/dm^3,True
3.24 ,110.0 mg/dm^3,0.044 g(sodium chloride)/dm^3,16.65 g/dm^3,0.22 g/dm^3,True
2.94 ,87.0 mg/dm^3,0.048 g(sodium chloride)/dm^3,2.3 g/dm^3,0.39 g/dm^3,True
3.02 ,43.0 mg/dm^3,0.073 g(sodium chloride)/dm^3,4.6 g/dm^3,0.49 g/dm^3,False
3.39 ,114.0 mg/dm^3,0.053 g(sodium chloride)/dm^3,1.4 g/dm^3,0.31 g/dm^3,True
3.14 ,111.0 mg/dm^3,0.031 g(sodium chloride)/dm^3,2.5 g/dm^3,0.04 g/dm^3,False
2.85 ,114.0 mg/dm^3,0.042 g(sodium chloride)/dm^3,17.5 g/dm^3,0.71 g/dm^3,True
3.34 ,185.0 mg/dm^3,0.044 g(sodium chloride)/dm^3,9.0 g/dm^3,0.49 g/dm^3,True
2.98 ,140.0 mg/dm^3,0.036 g(sodium chloride)/dm^3,9.1 g/dm^3,0.31 g/dm^3,True
3.0 ,63.0 mg/dm^3,0.36 g(sodium chloride)/dm^3,1.8 g/dm^3,0.24 g/dm^3,False
3.06 ,171.0 mg/dm^3,0.058 g(sodium chloride)/dm^3,1.3 g/dm^3,0.69 g/dm^3,False
3.25 ,201.0 mg/dm^3,0.051 g(sodium chloride)/dm^3,13.2 g/dm^3,0.26 g/dm^3,False
3.1 ,79.0 mg/dm^3,0.041 g(sodium chloride)/dm^3,3.9 g/dm^3,0.29 g/dm^3,True
3.38 ,123.0 mg/dm^3,0.039 g(sodium chloride)/dm^3,1.6 g/dm^3,0.46 g/dm^3,True
3.22 ,153.0 mg/dm^3,0.045 g(sodium chloride)/dm^3,16.4 g/dm^3,0.32 g/dm^3,False
3.32 ,119.0 mg/dm^3,0.037 g(sodium chloride)/dm^3,1.5 g/dm^3,0.28 g/dm^3,True
3.23 ,29.0 mg/dm^3,0.056 g(sodium chloride)/dm^3,2.0 g/dm^3,0.31 g/dm^3,False
3.29 ,218.5 mg/dm^3,0.053 g(sodium chloride)/dm^3,1.0 g/dm^3,0.32 g/dm^3,True
3.31 ,184.0 mg/dm^3,0.06 g(sodium chloride)/dm^3,10.4 g/dm^3,0.45 g/dm^3,True
3.2 ,24.0 mg/dm^3,0.08 g(sodium chloride)/dm^3,1.7 g/dm^3,0.51 g/dm^3,False
3.52 ,28.0 mg/dm^3,0.083 g(sodium chloride)/dm^3,2.2 g/dm^3,0.12 g/dm^3,False
3.18 ,208.0 mg/dm^3,0.054 g(sodium chloride)/dm^3,1.2 g/dm^3,0.23 g/dm^3,True
3.28 ,67.0 mg/dm^3,0.089 g(sodium chloride)/dm^3,2.4 g/dm^3,0.33 g/dm^3,False
2.98 ,183.0 mg/dm^3,0.054 g(sodium chloride)/dm^3,18.0 g/dm^3,0.48 g/dm^3,True
3.38 ,133.0 mg/dm^3,0.099 g(sodium chloride)/dm^3,2.3 g/dm^3,0.49 g/dm^3,False
3.17 ,127.0 mg/dm^3,0.034 g(sodium chloride)/dm^3,4.9 g/dm^3,0.37 g/dm^3,True
3.17 ,68.0 mg/dm^3,0.044 g(sodium chloride)/dm^3,2.2 g/dm^3,0.21 g/dm^3,True
3.32 ,71.0 mg/dm^3,0.075 g(sodium chloride)/dm^3,1.0 g/dm^3,0.42 g/dm^3,True
3.32 ,29.0 mg/dm^3,0.267 g(sodium chloride)/dm^3,1.2 g/dm^3,0.0 g/dm^3,False
3.41 ,40.0 mg/dm^3,0.076 g(sodium chloride)/dm^3,2.2 g/dm^3,0.15 g/dm^3,False
3.22 ,174.0 mg/dm^3,0.053 g(sodium chloride)/dm^3,3.5 g/dm^3,0.38 g/dm^3,False
3.21 ,49.0 mg/dm^3,0.079 g(sodium chloride)/dm^3,2.6 g/dm^3,0.11 g/dm^3,False
3.09 ,140.0 mg/dm^3,0.05 g(sodium chloride)/dm^3,1.2 g/dm^3,0.35 g/dm^3,False
3.15 ,32.0 mg/dm^3,0.054 g(sodium chloride)/dm^3,1.7 g/dm^3,0.47 g/dm^3,False
,107.0 mg/dm^3,0.036 g(sodium chloride)/dm^3,1.2 g/dm^3,0.3 g/dm^3,True
3.12 ,69.0 mg/dm^3,0.079 g(sodium chloride)/dm^3,2.6 g/dm^3,0.49 g/dm^3,False
3.2 ,125.0 mg/dm^3,0.049 g(sodium chloride)/dm^3,9.8 g/dm^3,0.22 g/dm^3,True
3.24 ,163.0 mg/dm^3,0.05 g(sodium chloride)/dm^3,1.4 g/dm^3,0.35 g/dm^3,False
3.16 ,175.0 mg/dm^3,0.045 g(sodium chloride)/dm^3,6.6 g/dm^3,0.19 g/dm^3,True
3.51 ,52.0 mg/dm^3,0.072 g(sodium chloride)/dm^3,2.9 g/dm^3,0.0 g/dm^3,False
3.3 ,59.0 mg/dm^3,0.078 g(sodium chloride)/dm^3,2.0 g/dm^3,0.25 g/dm^3,False
3.19 ,156.0 mg/dm^3,0.037 g(sodium chloride)/dm^3,7.4 g/dm^3,0.36 g/dm^3,True
3.55 ,94.0 mg/dm^3,0.082 g(sodium chloride)/dm^3,2.3 g/dm^3,0.02 g/dm^3,False
3.6 ,67.0 mg/dm^3,0.078 g(sodium chloride)/dm^3,2.5 g/dm^3,0.24 g/dm^3,False
3.36 ,122.0 mg/dm^3,0.034 g(sodium chloride)/dm^3,4.9 g/dm^3,0.27 g/dm^3,True
3.14 ,212.5 mg/dm^3,0.056 g(sodium chloride)/dm^3,14.2 g/dm^3,0.3 g/dm^3,True
3.36 ,125.0 mg/dm^3,0.038 g(sodium chloride)/dm^3,5.3 g/dm^3,0.3 g/dm^3,True
3.38 ,112.0 mg/dm^3,0.093 g(sodium chloride)/dm^3,3.0 g/dm^3,0.34 g/dm^3,False
3.0 ,112.0 mg/dm^3,0.026 g(sodium chloride)/dm^3,8.2 g/dm^3,0.3 g/dm^3,True
3.16 ,141.0 mg/dm^3,0.048 g(sodium chloride)/dm^3,10.2 g/dm^3,0.33 g/dm^3,True
3.02 ,104.0 mg/dm^3,0.027 g(sodium chloride)/dm^3,2.1 g/dm^3,0.45 g/dm^3,True
3.16 ,172.0 mg/dm^3,0.044 g(sodium chloride)/dm^3,8.0 g/dm^3,0.19 g/dm^3,False
3.14 ,223.0 mg/dm^3,0.041 g(sodium chloride)/dm^3,7.5 g/dm^3,0.18 g/dm^3,False
3.3 ,118.0 mg/dm^3,0.034 g(sodium chloride)/dm^3,1.6 g/dm^3,0.29 g/dm^3,True
2.99 ,113.0 mg/dm^3,0.046 g(sodium chloride)/dm^3,6.6 g/dm^3,0.15 g/dm^3,True
3.24 ,113.0 mg/dm^3,0.049 g(sodium chloride)/dm^3,1.0 g/dm^3,0.3 g/dm^3,False
3.06 ,172.0 mg/dm^3,0.042 g(sodium chloride)/dm^3,1.2 g/dm^3,0.13 g/dm^3,False
2.9 ,135.0 mg/dm^3,0.05 g(sodium chloride)/dm^3,15.5 g/dm^3,0.27 g/dm^3,True
3.13 ,180.0 mg/dm^3,0.053 g(sodium chloride)/dm^3,5.25 g/dm^3,0.22 g/dm^3,True
3.29 ,156.0 mg/dm^3,0.033 g(sodium chloride)/dm^3,1.8 g/dm^3,0.74 g/dm^3,True
3.17 ,157.0 mg/dm^3,0.083 g(sodium chloride)/dm^3,20.2 g/dm^3,0.25 g/dm^3,False
3.05 ,112.0 mg/dm^3,0.038 g(sodium chloride)/dm^3,3.5 g/dm^3,0.23 g/dm^3,True
3.26 ,105.0 mg/dm^3,0.036 g(sodium chloride)/dm^3,4.7 g/dm^3,0.49 g/dm^3,True
2.94 ,87.0 mg/dm^3,0.04 g(sodium chloride)/dm^3,2.7 g/dm^3,0.24 g/dm^3,True
3.14 ,142.0 mg/dm^3,0.043 g(sodium chloride)/dm^3,11.2 g/dm^3,0.56 g/dm^3,False
3.26 ,102.0 mg/dm^3,0.041 g(sodium chloride)/dm^3,1.4 g/dm^3,0.3 g/dm^3,True
3.25 ,82.0 mg/dm^3,0.032 g(sodium chloride)/dm^3,0.8 g/dm^3,0.0 g/dm^3,False
3.13 ,170.0 mg/dm^3,0.055 g(sodium chloride)/dm^3,9.7 g/dm^3,0.56 g/dm^3,True
3.03 ,174.0 mg/dm^3,0.05 g(sodium chloride)/dm^3,15.4 g/dm^3,0.34 g/dm^3,True
3.23 ,11.0 mg/dm^3,0.132 g(sodium chloride)/dm^3,3.8 g/dm^3,0.48 g/dm^3,False
3.31 ,71.0 mg/dm^3,0.102 g(sodium chloride)/dm^3,3.4 g/dm^3,0.07 g/dm^3,False
3.03 ,101.0 mg/dm^3,0.068 g(sodium chloride)/dm^3,3.5 g/dm^3,0.19 g/dm^3,True
3.16 ,116.0 mg/dm^3,0.045 g(sodium chloride)/dm^3,3.1 g/dm^3,0.49 g/dm^3,False
3.32 ,158.0 mg/dm^3,0.034 g(sodium chloride)/dm^3,1.1 g/dm^3,0.34 g/dm^3,True
3.14 ,124.0 mg/dm^3,0.036 g(sodium chloride)/dm^3,1.2 g/dm^3,0.38 g/dm^3,True
3.25 ,165.0 mg/dm^3,0.066 g(sodium chloride)/dm^3,1.4 g/dm^3,0.4 g/dm^3,False
3.25 ,124.0 mg/dm^3,0.038 g(sodium chloride)/dm^3,1.6 g/dm^3,0.36 g/dm^3,False
3.16 ,21.0 mg/dm^3,0.082 g(sodium chloride)/dm^3,2.6 g/dm^3,0.62 g/dm^3,False
3.09 ,18.0 mg/dm^3,0.071 g(sodium chloride)/dm^3,1.9 g/dm^3,0.58 g/dm^3,False
3.13 ,103.0 mg/dm^3,0.037 g(sodium chloride)/dm^3,8.8 g/dm^3,0.35 g/dm^3,True
3.37 ,104.0 mg/dm^3,0.034 g(sodium chloride)/dm^3,5.3 g/dm^3,0.34 g/dm^3,True
3.08 ,118.0 mg/dm^3,0.047 g(sodium chloride)/dm^3,17.3 g/dm^3,0.23 g/dm^3,True
3.27 ,87.0 mg/dm^3,0.063 g(sodium chloride)/dm^3,1.6 g/dm^3,0.0 g/dm^3,True
3.11 ,211.0 mg/dm^3,0.043 g(sodium chloride)/dm^3,11.0 g/dm^3,0.26 g/dm^3,True
3.31 ,86.0 mg/dm^3,0.052 g(sodium chloride)/dm^3,1.3 g/dm^3,0.3 g/dm^3,True
2.97 ,155.0 mg/dm^3,0.038 g(sodium chloride)/dm^3,18.95 g/dm^3,0.39 g/dm^3,True
3.41 ,43.0 mg/dm^3,0.064 g(sodium chloride)/dm^3,2.1 g/dm^3,0.01 g/dm^3,False
3.04 ,200.0 mg/dm^3,0.05 g(sodium chloride)/dm^3,13.1 g/dm^3,0.36 g/dm^3,True
3.06 ,72.0 mg/dm^3,0.043 g(sodium chloride)/dm^3,1.2 g/dm^3,0.32 g/dm^3,False
3.16 ,223.0 mg/dm^3,0.048 g(sodium chloride)/dm^3,14.6 g/dm^3,0.41 g/dm^3,True
3.22 ,190.0 mg/dm^3,0.045 g(sodium chloride)/dm^3,7.2 g/dm^3,0.21 g/dm^3,False
3.08 ,95.0 mg/dm^3,0.032 g(sodium chloride)/dm^3,1.3 g/dm^3,0.28 g/dm^3,True
3.1 ,35.0 mg/dm^3,0.071 g(sodium chloride)/dm^3,2.2 g/dm^3,0.52 g/dm^3,False
3.25 ,198.0 mg/dm^3,0.048 g(sodium chloride)/dm^3,8.6 g/dm^3,0.22 g/dm^3,False
3.35 ,115.0 mg/dm^3,0.036 g(sodium chloride)/dm^3,11.4 g/dm^3,0.29 g/dm^3,True
3.02 ,46.0 mg/dm^3,0.029 g(sodium chloride)/dm^3,11.7 g/dm^3,0.35 g/dm^3,True
3.26 ,143.0 mg/dm^3,0.046 g(sodium chloride)/dm^3,12.7 g/dm^3,0.26 g/dm^3,True
3.22 ,40.0 mg/dm^3,0.058 g(sodium chloride)/dm^3,2.0 g/dm^3,0.41 g/dm^3,False
2.93 ,107.0 mg/dm^3,0.025 g(sodium chloride)/dm^3,7.9 g/dm^3,0.37 g/dm^3,True
3.09 ,169.0 mg/dm^3,0.045 g(sodium chloride)/dm^3,10.6 g/dm^3,0.7 g/dm^3,False
3.34 ,98.0 mg/dm^3,0.036 g(sodium chloride)/dm^3,10.7 g/dm^3,0.33 g/dm^3,True
3.06 ,96.0 mg/dm^3,0.036 g(sodium chloride)/dm^3,1.2 g/dm^3,0.34 g/dm^3,True
3.12 ,168.0 mg/dm^3,0.042 g(sodium chloride)/dm^3,6.8 g/dm^3,0.72 g/dm^3,True
3.48 ,111.0 mg/dm^3,0.024 g(sodium chloride)/dm^3,2.8 g/dm^3,0.1 g/dm^3,True
2.94 ,71.0 mg/dm^3,0.026 g(sodium chloride)/dm^3,8.1 g/dm^3,0.3 g/dm^3,False
3.31 ,132.0 mg/dm^3,0.038 g(sodium chloride)/dm^3,12.8 g/dm^3,0.28 g/dm^3,True
3.34 ,137.0 mg/dm^3,0.044 g(sodium chloride)/dm^3,13.3 g/dm^3,0.24 g/dm^3,False
2.97 ,176.5 mg/dm^3,0.056 g(sodium chloride)/dm^3,12.4 g/dm^3,0.48 g/dm^3,False
3.2 ,151.0 mg/dm^3,0.055 g(sodium chloride)/dm^3,8.5 g/dm^3,0.24 g/dm^3,False
2.93 ,167.0 mg/dm^3,0.048 g(sodium chloride)/dm^3,22.0 g/dm^3,0.4 g/dm^3,False
3.42 ,70.0 mg/dm^3,0.073 g(sodium chloride)/dm^3,1.8 g/dm^3,0.3 g/dm^3,False
2.94 ,220.0 mg/dm^3,0.301 g(sodium chloride)/dm^3,12.1 g/dm^3,0.38 g/dm^3,False
3.13 ,32.0 mg/dm^3,0.08 g(sodium chloride)/dm^3,1.9 g/dm^3,0.22 g/dm^3,False
3.29 ,39.0 mg/dm^3,0.069 g(sodium chloride)/dm^3,8.9 g/dm^3,0.41 g/dm^3,False
3.49 ,131.0 mg/dm^3,0.028 g(sodium chloride)/dm^3,10.2 g/dm^3,0.3 g/dm^3,True
3.14 ,179.0 mg/dm^3,0.032 g(sodium chloride)/dm^3,12.4 g/dm^3,0.41 g/dm^3,False
3.05 ,76.0 mg/dm^3,0.037 g(sodium chloride)/dm^3,9.1 g/dm^3,0.37 g/dm^3,False
3.35 ,90.0 mg/dm^3,0.052 g(sodium chloride)/dm^3,9.6 g/dm^3,0.32 g/dm^3,True
3.3 ,82.0 mg/dm^3,0.022 g(sodium chloride)/dm^3,1.5 g/dm^3,0.31 g/dm^3,True
3.33 ,68.0 mg/dm^3,0.026 g(sodium chloride)/dm^3,1.2 g/dm^3,0.31 g/dm^3,True
3.15 ,162.0 mg/dm^3,0.039 g(sodium chloride)/dm^3,6.3 g/dm^3,0.4 g/dm^3,True
3.34 ,48.0 mg/dm^3,0.065 g(sodium chloride)/dm^3,2.4 g/dm^3,0.4 g/dm^3,False
2.99 ,119.0 mg/dm^3,0.041 g(sodium chloride)/dm^3,9.65 g/dm^3,0.21 g/dm^3,True
3.33 ,87.0 mg/dm^3,0.036 g(sodium chloride)/dm^3,2.0 g/dm^3,0.29 g/dm^3,True
3.13 ,219.0 mg/dm^3,0.042 g(sodium chloride)/dm^3,7.6 g/dm^3,0.17 g/dm^3,False
2.96 ,113.0 mg/dm^3,0.041 g(sodium chloride)/dm^3,6.4 g/dm^3,0.62 g/dm^3,False
3.13 ,156.0 mg/dm^3,0.043 g(sodium chloride)/dm^3,8.2 g/dm^3,0.29 g/dm^3,True
3.2 ,206.0 mg/dm^3,0.047 g(sodium chloride)/dm^3,7.7 g/dm^3,0.3 g/dm^3,True
3.14 ,74.0 mg/dm^3,0.089 g(sodium chloride)/dm^3,2.9 g/dm^3,0.18 g/dm^3,False
3.37 ,38.0 mg/dm^3,0.097 g(sodium chloride)/dm^3,1.9 g/dm^3,0.0 g/dm^3,False
3.1 ,205.0 mg/dm^3,0.051 g(sodium chloride)/dm^3,8.1 g/dm^3,0.49 g/dm^3,True
3.46 ,58.0 mg/dm^3,0.124 g(sodium chloride)/dm^3,5.6 g/dm^3,0.0 g/dm^3,False
3.24 ,165.0 mg/dm^3,0.052 g(sodium chloride)/dm^3,11.3 g/dm^3,0.25 g/dm^3,True
3.2 ,20.0 mg/dm^3,0.09 g(sodium chloride)/dm^3,2.0 g/dm^3,0.03 g/dm^3,False
3.48 ,134.0 mg/dm^3,0.046 g(sodium chloride)/dm^3,6.1 g/dm^3,0.29 g/dm^3,True
3.25 ,155.0 mg/dm^3,0.035 g(sodium chloride)/dm^3,4.1 g/dm^3,0.33 g/dm^3,True
3.56 ,19.0 mg/dm^3,0.071 g(sodium chloride)/dm^3,2.4 g/dm^3,0.4 g/dm^3,False
3.12 ,169.0 mg/dm^3,0.044 g(sodium chloride)/dm^3,13.4 g/dm^3,0.32 g/dm^3,True
3.23 ,99.0 mg/dm^3,0.034 g(sodium chloride)/dm^3,6.4 g/dm^3,0.34 g/dm^3,True
3.03 ,248.0 mg/dm^3,0.043 g(sodium chloride)/dm^3,14.0 g/dm^3,0.26 g/dm^3,True
3.2 ,124.0 mg/dm^3,0.035 g(sodium chloride)/dm^3,10.6 g/dm^3,0.45 g/dm^3,True
3.22 ,97.0 mg/dm^3,0.022 g(sodium chloride)/dm^3,2.4 g/dm^3,0.34 g/dm^3,True
3.26 ,62.0 mg/dm^3,0.06 g(sodium chloride)/dm^3,2.0 g/dm^3,0.3 g/dm^3,False
3.48 ,45.0 mg/dm^3,0.081 g(sodium chloride)/dm^3,2.0 g/dm^3,0.36 g/dm^3,False
3.15 ,178.0 mg/dm^3,0.119 g(sodium chloride)/dm^3,9.6 g/dm^3,0.24 g/dm^3,True
3.34 ,247.0 mg/dm^3,0.035 g(sodium chloride)/dm^3,1.4 g/dm^3,0.12 g/dm^3,True
3.49 ,13.0 mg/dm^3,0.075 g(sodium chloride)/dm^3,2.5 g/dm^3,0.0 g/dm^3,False
3.19 ,49.0 mg/dm^3,0.096 g(sodium chloride)/dm^3,2.5 g/dm^3,0.31 g/dm^3,False
3.1 ,64.0 mg/dm^3,0.126 g(sodium chloride)/dm^3,2.5 g/dm^3,0.31 g/dm^3,False
3.05 ,158.0 mg/dm^3,0.034 g(sodium chloride)/dm^3,6.65 g/dm^3,0.23 g/dm^3,False
3.1 ,35.0 mg/dm^3,0.088 g(sodium chloride)/dm^3,2.4 g/dm^3,0.63 g/dm^3,False
2.96 ,191.0 mg/dm^3,0.044 g(sodium chloride)/dm^3,14.35 g/dm^3,0.73 g/dm^3,False
2.96 ,149.0 mg/dm^3,0.051 g(sodium chloride)/dm^3,14.7 g/dm^3,0.28 g/dm^3,True
3.24 ,147.0 mg/dm^3,0.047 g(sodium chloride)/dm^3,2.1 g/dm^3,0.3 g/dm^3,True
3.29 ,186.0 mg/dm^3,0.053 g(sodium chloride)/dm^3,1.3 g/dm^3,0.3 g/dm^3,False
3.22 ,110.0 mg/dm^3,0.039 g(sodium chloride)/dm^3,1.5 g/dm^3,0.33 g/dm^3,True
3.11 ,27.0 mg/dm^3,0.067 g(sodium chloride)/dm^3,2.0 g/dm^3,0.6 g/dm^3,False
3.16 ,38.0 mg/dm^3,0.058 g(sodium chloride)/dm^3,1.9 g/dm^3,0.27 g/dm^3,False
3.42 ,54.0 mg/dm^3,0.087 g(sodium chloride)/dm^3,2.1 g/dm^3,0.28 g/dm^3,False
2.89 ,109.0 mg/dm^3,0.049 g(sodium chloride)/dm^3,0.9 g/dm^3,0.37 g/dm^3,False
3.06 ,103.0 mg/dm^3,0.043 g(sodium chloride)/dm^3,16.2 g/dm^3,0.61 g/dm^3,True
3.31 ,110.0 mg/dm^3,0.044 g(sodium chloride)/dm^3,2.6 g/dm^3,0.42 g/dm^3,True
3.08 ,114.0 mg/dm^3,0.019 g(sodium chloride)/dm^3,4.8 g/dm^3,0.37 g/dm^3,True
2.98 ,192.0 mg/dm^3,0.058 g(sodium chloride)/dm^3,14.2 g/dm^3,0.39 g/dm^3,True
3.24 ,88.0 mg/dm^3,0.05 g(sodium chloride)/dm^3,1.2 g/dm^3,0.26 g/dm^3,False
3.18 ,313.0 mg/dm^3,0.057 g(sodium chloride)/dm^3,5.8 g/dm^3,0.31 g/dm^3,False
3.17 ,149.0 mg/dm^3,0.038 g(sodium chloride)/dm^3,10.2 g/dm^3,0.39 g/dm^3,True
3.05 ,161.0 mg/dm^3,0.048 g(sodium chloride)/dm^3,2.5 g/dm^3,0.35 g/dm^3,True
3.16 ,97.0 mg/dm^3,0.037 g(sodium chloride)/dm^3,6.5 g/dm^3,0.28 g/dm^3,True
2.89 ,41.0 mg/dm^3,0.032 g(sodium chloride)/dm^3,6.1 g/dm^3,0.46 g/dm^3,False
3.37 ,57.0 mg/dm^3,0.086 g(sodium chloride)/dm^3,1.9 g/dm^3,0.03 g/dm^3,False
3.32 ,119.0 mg/dm^3,0.048 g(sodium chloride)/dm^3,1.2 g/dm^3,0.3 g/dm^3,True
3.1 ,136.0 mg/dm^3,0.03 g(sodium chloride)/dm^3,9.5 g/dm^3,0.25 g/dm^3,True
2.99 ,168.0 mg/dm^3,0.028 g(sodium chloride)/dm^3,1.8 g/dm^3,0.34 g/dm^3,True
3.21 ,134.0 mg/dm^3,0.049 g(sodium chloride)/dm^3,2.2 g/dm^3,0.2 g/dm^3,False
3.11 ,156.0 mg/dm^3,0.033 g(sodium chloride)/dm^3,5.0 g/dm^3,0.36 g/dm^3,True
3.3 ,122.0 mg/dm^3,0.038 g(sodium chloride)/dm^3,1.0 g/dm^3,0.29 g/dm^3,False
3.2 ,52.0 mg/dm^3,0.081 g(sodium chloride)/dm^3,2.4 g/dm^3,0.42 g/dm^3,False
3.32 ,119.0 mg/dm^3,0.037 g(sodium chloride)/dm^3,1.2 g/dm^3,0.37 g/dm^3,True
3.29 ,182.0 mg/dm^3,0.041 g(sodium chloride)/dm^3,14.2 g/dm^3,0.42 g/dm^3,True
3.03 ,96.0 mg/dm^3,0.033 g(sodium chloride)/dm^3,1.7 g/dm^3,0.32 g/dm^3,True
3.17 ,140.0 mg/dm^3,0.037 g(sodium chloride)/dm^3,3.3 g/dm^3,0.29 g/dm^3,True
3.48 ,166.0 mg/dm^3,0.054 g(sodium chloride)/dm^3,2.1 g/dm^3,0.41 g/dm^3,True
3.42 ,40.0 mg/dm^3,0.076 g(sodium chloride)/dm^3,2.3 g/dm^3,0.13 g/dm^3,False
3.26 ,88.0 mg/dm^3,0.034 g(sodium chloride)/dm^3,4.0 g/dm^3,0.21 g/dm^3,True
3.03 ,171.0 mg/dm^3,0.03 g(sodium chloride)/dm^3,11.1 g/dm^3,0.26 g/dm^3,False
3.16 ,113.0 mg/dm^3,0.052 g(sodium chloride)/dm^3,3.3 g/dm^3,0.23 g/dm^3,False
3.13 ,131.0 mg/dm^3,0.05 g(sodium chloride)/dm^3,1.6 g/dm^3,0.49 g/dm^3,False
3.31 ,216.0 mg/dm^3,0.037 g(sodium chloride)/dm^3,8.3 g/dm^3,0.34 g/dm^3,False
3.36 ,145.0 mg/dm^3,0.046 g(sodium chloride)/dm^3,12.3 g/dm^3,0.33 g/dm^3,False
3.23 ,154.0 mg/dm^3,0.06 g(sodium chloride)/dm^3,4.6 g/dm^3,0.3 g/dm^3,True
3.38 ,78.0 mg/dm^3,0.08 g(sodium chloride)/dm^3,2.4 g/dm^3,0.35 g/dm^3,False
3.12 ,186.0 mg/dm^3,0.038 g(sodium chloride)/dm^3,10.7 g/dm^3,0.31 g/dm^3,True
3.41 ,60.0 mg/dm^3,0.046 g(sodium chloride)/dm^3,1.8 g/dm^3,0.37 g/dm^3,False
3.38 ,80.0 mg/dm^3,0.034 g(sodium chloride)/dm^3,4.6 g/dm^3,0.33 g/dm^3,True
3.32 ,161.0 mg/dm^3,0.046 g(sodium chloride)/dm^3,4.7 g/dm^3,0.19 g/dm^3,True
3.42 ,116.0 mg/dm^3,0.039 g(sodium chloride)/dm^3,4.5 g/dm^3,0.13 g/dm^3,True
3.14 ,222.0 mg/dm^3,0.044 g(sodium chloride)/dm^3,10.7 g/dm^3,0.3 g/dm^3,True
3.36 ,32.0 mg/dm^3,0.089 g(sodium chloride)/dm^3,2.0 g/dm^3,0.05 g/dm^3,False
3.51 ,111.0 mg/dm^3,0.06 g(sodium chloride)/dm^3,1.2 g/dm^3,0.34 g/dm^3,True
3.32 ,186.0 mg/dm^3,0.04 g(sodium chloride)/dm^3,2.5 g/dm^3,0.35 g/dm^3,True
3.45 ,98.0 mg/dm^3,0.103 g(sodium chloride)/dm^3,2.7 g/dm^3,0.32 g/dm^3,False
3.14 ,164.0 mg/dm^3,0.046 g(sodium chloride)/dm^3,15.9 g/dm^3,0.66 g/dm^3,True
3.08 ,114.0 mg/dm^3,0.033 g(sodium chloride)/dm^3,1.4 g/dm^3,0.25 g/dm^3,True
3.55 ,85.0 mg/dm^3,0.077 g(sodium chloride)/dm^3,2.5 g/dm^3,0.01 g/dm^3,False
3.27 ,102.0 mg/dm^3,0.073 g(sodium chloride)/dm^3,1.9 g/dm^3,0.21 g/dm^3,False
3.01 ,155.0 mg/dm^3,0.105 g(sodium chloride)/dm^3,8.9 g/dm^3,0.23 g/dm^3,False
3.19 ,81.0 mg/dm^3,0.032 g(sodium chloride)/dm^3,10.1 g/dm^3,0.33 g/dm^3,True
3.2 ,162.0 mg/dm^3,0.169 g(sodium chloride)/dm^3,5.3 g/dm^3,0.31 g/dm^3,False
3.11 ,132.0 mg/dm^3,0.157 g(sodium chloride)/dm^3,1.4 g/dm^3,0.54 g/dm^3,True
3.11 ,175.0 mg/dm^3,0.05 g(sodium chloride)/dm^3,1.5 g/dm^3,0.3 g/dm^3,False
3.09 ,123.0 mg/dm^3,0.053 g(sodium chloride)/dm^3,13.0 g/dm^3,0.61 g/dm^3,True
3.23 ,131.0 mg/dm^3,0.032 g(sodium chloride)/dm^3,13.15 g/dm^3,0.18 g/dm^3,False
3.35 ,12.0 mg/dm^3,0.068 g(sodium chloride)/dm^3,1.8 g/dm^3,0.39 g/dm^3,False
3.56 ,164.0 mg/dm^3,0.048 g(sodium chloride)/dm^3,5.4 g/dm^3,0.49 g/dm^3,True
3.28 ,85.0 mg/dm^3,0.034 g(sodium chloride)/dm^3,2.8 g/dm^3,0.33 g/dm^3,True
3.12 ,148.0 mg/dm^3,0.053 g(sodium chloride)/dm^3,1.0 g/dm^3,0.21 g/dm^3,True
3.21 ,126.0 mg/dm^3,0.037 g(sodium chloride)/dm^3,1.1 g/dm^3,0.47 g/dm^3,False
3.12 ,125.0 mg/dm^3,0.029 g(sodium chloride)/dm^3,9.1 g/dm^3,0.45 g/dm^3,True
3.22 ,117.0 mg/dm^3,0.071 g(sodium chloride)/dm^3,1.5 g/dm^3,0.09 g/dm^3,False
3.57 ,90.0 mg/dm^3,0.028 g(sodium chloride)/dm^3,1.6 g/dm^3,0.32 g/dm^3,True
3.11 ,122.0 mg/dm^3,0.051 g(sodium chloride)/dm^3,1.2 g/dm^3,0.44 g/dm^3,True
3.76 ,152.0 mg/dm^3,0.045 g(sodium chloride)/dm^3,1.2 g/dm^3,0.29 g/dm^3,True
3.02 ,152.0 mg/dm^3,0.043 g(sodium chloride)/dm^3,3.2 g/dm^3,0.52 g/dm^3,True
3.3 ,15.0 mg/dm^3,0.098 g(sodium chloride)/dm^3,1.9 g/dm^3,0.44 g/dm^3,False
3.17 ,176.0 mg/dm^3,0.043 g(sodium chloride)/dm^3,5.2 g/dm^3,0.26 g/dm^3,True
3.19 ,15.0 mg/dm^3,0.083 g(sodium chloride)/dm^3,2.2 g/dm^3,0.49 g/dm^3,False
3.2 ,153.0 mg/dm^3,0.056 g(sodium chloride)/dm^3,1.4 g/dm^3,0.36 g/dm^3,True
3.36 ,107.0 mg/dm^3,0.026 g(sodium chloride)/dm^3,8.3 g/dm^3,0.28 g/dm^3,True
3.07 ,168.0 mg/dm^3,0.04 g(sodium chloride)/dm^3,4.7 g/dm^3,0.26 g/dm^3,True
3.53 ,272.0 mg/dm^3,0.039 g(sodium chloride)/dm^3,1.7 g/dm^3,0.24 g/dm^3,False
3.2 ,117.0 mg/dm^3,0.035 g(sodium chloride)/dm^3,7.3 g/dm^3,0.22 g/dm^3,True
3.58 ,32.0 mg/dm^3,0.08 g(sodium chloride)/dm^3,1.6 g/dm^3,0.21 g/dm^3,False
3.28 ,73.0 mg/dm^3,0.09 g(sodium chloride)/dm^3,2.8 g/dm^3,0.42 g/dm^3,False
3.18 ,211.0 mg/dm^3,0.047 g(sodium chloride)/dm^3,11.6 g/dm^3,0.5 g/dm^3,False
3.11 ,141.0 mg/dm^3,0.053 g(sodium chloride)/dm^3,15.4 g/dm^3,0.56 g/dm^3,False
3.1 ,237.0 mg/dm^3,0.039 g(sodium chloride)/dm^3,19.9 g/dm^3,0.29 g/dm^3,True
3.05 ,191.0 mg/dm^3,0.064 g(sodium chloride)/dm^3,1.1 g/dm^3,0.19 g/dm^3,True
3.19 ,134.0 mg/dm^3,0.033 g(sodium chloride)/dm^3,1.7 g/dm^3,0.26 g/dm^3,True
3.08 ,71.0 mg/dm^3,0.042 g(sodium chloride)/dm^3,0.6 g/dm^3,0.35 g/dm^3,False
3.04 ,156.0 mg/dm^3,0.037 g(sodium chloride)/dm^3,12.5 g/dm^3,0.74 g/dm^3,False
3.17 ,204.0 mg/dm^3,0.033 g(sodium chloride)/dm^3,5.7 g/dm^3,0.28 g/dm^3,True
3.35 ,144.0 mg/dm^3,0.04 g(sodium chloride)/dm^3,1.9 g/dm^3,0.24 g/dm^3,False
3.42 ,129.0 mg/dm^3,0.07 g(sodium chloride)/dm^3,5.5 g/dm^3,0.42 g/dm^3,False
3.1 ,71.0 mg/dm^3,0.037 g(sodium chloride)/dm^3,1.1 g/dm^3,0.26 g/dm^3,True
3.23 ,138.0 mg/dm^3,0.037 g(sodium chloride)/dm^3,4.8 g/dm^3,0.24 g/dm^3,True
3.09 ,171.0 mg/dm^3,0.047 g(sodium chloride)/dm^3,15.3 g/dm^3,0.51 g/dm^3,False
3.37 ,98.0 mg/dm^3,0.03 g(sodium chloride)/dm^3,1.3 g/dm^3,0.3 g/dm^3,True
3.17 ,188.0 mg/dm^3,0.041 g(sodium chloride)/dm^3,1.3 g/dm^3,0.32 g/dm^3,False
3.14 ,142.0 mg/dm^3,0.039 g(sodium chloride)/dm^3,14.9 g/dm^3,0.23 g/dm^3,True
3.17 ,37.0 mg/dm^3,0.106 g(sodium chloride)/dm^3,1.6 g/dm^3,0.21 g/dm^3,False
3.05 ,118.0 mg/dm^3,0.031 g(sodium chloride)/dm^3,7.9 g/dm^3,0.32 g/dm^3,True
3.16 ,175.0 mg/dm^3,0.045 g(sodium chloride)/dm^3,6.6 g/dm^3,0.19 g/dm^3,True
3.3 ,9.0 mg/dm^3,0.02 g(sodium chloride)/dm^3,1.0 g/dm^3,0.09 g/dm^3,False
3.3 ,89.0 mg/dm^3,0.05 g(sodium chloride)/dm^3,1.8 g/dm^3,0.06 g/dm^3,False
3.42 ,100.0 mg/dm^3,0.022 g(sodium chloride)/dm^3,1.4 g/dm^3,0.3 g/dm^3,True
3.32 ,96.0 mg/dm^3,0.088 g(sodium chloride)/dm^3,2.1 g/dm^3,0.23 g/dm^3,False
3.15 ,210.0 mg/dm^3,0.051 g(sodium chloride)/dm^3,2.6 g/dm^3,0.34 g/dm^3,False
3.14 ,174.0 mg/dm^3,0.041 g(sodium chloride)/dm^3,1.2 g/dm^3,0.13 g/dm^3,False
3.34 ,12.0 mg/dm^3,0.084 g(sodium chloride)/dm^3,1.9 g/dm^3,0.0 g/dm^3,False
3.12 ,126.0 mg/dm^3,0.035 g(sodium chloride)/dm^3,5.0 g/dm^3,0.28 g/dm^3,True
3.06 ,160.0 mg/dm^3,0.041 g(sodium chloride)/dm^3,10.2 g/dm^3,0.69 g/dm^3,False
3.06 ,122.0 mg/dm^3,0.031 g(sodium chloride)/dm^3,26.05 g/dm^3,0.28 g/dm^3,True
3.18 ,94.0 mg/dm^3,0.049 g(sodium chloride)/dm^3,1.2 g/dm^3,0.37 g/dm^3,False
3.36 ,240.0 mg/dm^3,0.051 g(sodium chloride)/dm^3,6.3 g/dm^3,0.23 g/dm^3,True
3.3 ,154.0 mg/dm^3,0.05 g(sodium chloride)/dm^3,7.1 g/dm^3,0.22 g/dm^3,False
3.2 ,97.0 mg/dm^3,0.038 g(sodium chloride)/dm^3,4.0 g/dm^3,0.27 g/dm^3,True
3.18 ,181.0 mg/dm^3,0.032 g(sodium chloride)/dm^3,14.9 g/dm^3,0.38 g/dm^3,True
3.19 ,196.0 mg/dm^3,0.054 g(sodium chloride)/dm^3,15.6 g/dm^3,0.3 g/dm^3,False
3.1 ,193.0 mg/dm^3,0.045 g(sodium chloride)/dm^3,14.5 g/dm^3,0.31 g/dm^3,True
3.35 ,75.0 mg/dm^3,0.084 g(sodium chloride)/dm^3,2.6 g/dm^3,0.49 g/dm^3,False
3.18 ,49.0 mg/dm^3,0.087 g(sodium chloride)/dm^3,2.6 g/dm^3,0.59 g/dm^3,False
3.09 ,210.0 mg/dm^3,0.047 g(sodium chloride)/dm^3,8.5 g/dm^3,0.28 g/dm^3,False
3.14 ,172.0 mg/dm^3,0.049 g(sodium chloride)/dm^3,3.4 g/dm^3,0.19 g/dm^3,True
3.0 ,132.0 mg/dm^3,0.039 g(sodium chloride)/dm^3,3.7 g/dm^3,0.2 g/dm^3,False
3.29 ,110.0 mg/dm^3,0.085 g(sodium chloride)/dm^3,2.9 g/dm^3,0.49 g/dm^3,False
3.18 ,92.0 mg/dm^3,0.053 g(sodium chloride)/dm^3,2.7 g/dm^3,0.28 g/dm^3,False
3.16 ,135.0 mg/dm^3,0.024 g(sodium chloride)/dm^3,5.2 g/dm^3,0.26 g/dm^3,True
3.36 ,78.0 mg/dm^3,0.039 g(sodium chloride)/dm^3,1.1 g/dm^3,0.28 g/dm^3,True
3.1 ,125.0 mg/dm^3,0.045 g(sodium chloride)/dm^3,6.9 g/dm^3,0.35 g/dm^3,True
3.41 ,85.0 mg/dm^3,0.021 g(sodium chloride)/dm^3,1.6 g/dm^3,0.29 g/dm^3,True
3.38 ,114.0 mg/dm^3,0.038 g(sodium chloride)/dm^3,7.4 g/dm^3,0.24 g/dm^3,True
3.35 ,173.0 mg/dm^3,0.047 g(sodium chloride)/dm^3,1.3 g/dm^3,0.25 g/dm^3,True
3.09 ,153.0 mg/dm^3,0.049 g(sodium chloride)/dm^3,2.1 g/dm^3,0.3 g/dm^3,True
3.4 ,69.0 mg/dm^3,0.086 g(sodium chloride)/dm^3,2.4 g/dm^3,0.21 g/dm^3,False
3.6 ,61.0 mg/dm^3,0.096 g(sodium chloride)/dm^3,3.3 g/dm^3,0.0 g/dm^3,False
3.18 ,146.0 mg/dm^3,0.069 g(sodium chloride)/dm^3,3.4 g/dm^3,0.26 g/dm^3,False
3.24 ,105.0 mg/dm^3,0.043 g(sodium chloride)/dm^3,8.3 g/dm^3,0.32 g/dm^3,True
3.21 ,149.0 mg/dm^3,0.043 g(sodium chloride)/dm^3,7.0 g/dm^3,0.49 g/dm^3,False
3.06 ,150.0 mg/dm^3,0.052 g(sodium chloride)/dm^3,8.6 g/dm^3,0.38 g/dm^3,False
3.28 ,168.0 mg/dm^3,0.044 g(sodium chloride)/dm^3,1.4 g/dm^3,0.27 g/dm^3,True
3.46 ,22.0 mg/dm^3,0.079 g(sodium chloride)/dm^3,2.9 g/dm^3,0.09 g/dm^3,False
3.11 ,115.0 mg/dm^3,0.039 g(sodium chloride)/dm^3,10.2 g/dm^3,0.28 g/dm^3,True
3.41 ,128.0 mg/dm^3,0.029 g(sodium chloride)/dm^3,6.0 g/dm^3,0.49 g/dm^3,True
3.5 ,58.0 mg/dm^3,0.093 g(sodium chloride)/dm^3,2.5 g/dm^3,0.0 g/dm^3,False
3.15 ,204.0 mg/dm^3,0.044 g(sodium chloride)/dm^3,11.4 g/dm^3,0.09 g/dm^3,False
3.3 ,15.0 mg/dm^3,0.061 g(sodium chloride)/dm^3,1.7 g/dm^3,0.35 g/dm^3,False
3.38 ,35.0 mg/dm^3,0.085 g(sodium chloride)/dm^3,1.9 g/dm^3,0.16 g/dm^3,False
3.16 ,145.0 mg/dm^3,0.176 g(sodium chloride)/dm^3,3.8 g/dm^3,0.18 g/dm^3,False
3.12 ,207.0 mg/dm^3,0.048 g(sodium chloride)/dm^3,7.2 g/dm^3,0.26 g/dm^3,False
3.58 ,114.0 mg/dm^3,0.036 g(sodium chloride)/dm^3,1.0 g/dm^3,0.3 g/dm^3,False
3.51 ,14.0 mg/dm^3,0.07 g(sodium chloride)/dm^3,2.0 g/dm^3,0.05 g/dm^3,False
2.86 ,179.0 mg/dm^3,0.07 g(sodium chloride)/dm^3,10.2 g/dm^3,0.3 g/dm^3,True
3.28 ,158.0 mg/dm^3,0.042 g(sodium chloride)/dm^3,18.15 g/dm^3,0.49 g/dm^3,True
3.44 ,27.0 mg/dm^3,0.068 g(sodium chloride)/dm^3,2.1 g/dm^3,0.04 g/dm^3,False
3.26 ,72.0 mg/dm^3,0.027 g(sodium chloride)/dm^3,5.0 g/dm^3,0.31 g/dm^3,True
3.27 ,189.5 mg/dm^3,0.201 g(sodium chloride)/dm^3,4.1 g/dm^3,0.27 g/dm^3,True
3.12 ,100.0 mg/dm^3,0.04 g(sodium chloride)/dm^3,5.2 g/dm^3,0.49 g/dm^3,True
3.22 ,131.0 mg/dm^3,0.055 g(sodium chloride)/dm^3,10.0 g/dm^3,0.28 g/dm^3,True
3.15 ,119.0 mg/dm^3,0.109 g(sodium chloride)/dm^3,2.6 g/dm^3,0.29 g/dm^3,False
3.3 ,100.0 mg/dm^3,0.029 g(sodium chloride)/dm^3,4.2 g/dm^3,0.16 g/dm^3,True
3.29 ,142.0 mg/dm^3,0.033 g(sodium chloride)/dm^3,1.9 g/dm^3,0.3 g/dm^3,True
3.52 ,48.0 mg/dm^3,0.059 g(sodium chloride)/dm^3,2.3 g/dm^3,0.03 g/dm^3,False
3.24 ,143.0 mg/dm^3,0.068 g(sodium chloride)/dm^3,1.0 g/dm^3,0.34 g/dm^3,False
2.88 ,90.0 mg/dm^3,0.043 g(sodium chloride)/dm^3,2.6 g/dm^3,0.3 g/dm^3,True
3.0 ,98.0 mg/dm^3,0.031 g(sodium chloride)/dm^3,2.6 g/dm^3,0.29 g/dm^3,True
3.16 ,127.0 mg/dm^3,0.046 g(sodium chloride)/dm^3,12.1 g/dm^3,0.26 g/dm^3,True
3.26 ,128.0 mg/dm^3,0.066 g(sodium chloride)/dm^3,1.4 g/dm^3,0.06 g/dm^3,False
3.25 ,183.0 mg/dm^3,0.045 g(sodium chloride)/dm^3,15.7 g/dm^3,0.36 g/dm^3,False
3.32 ,131.0 mg/dm^3,0.045 g(sodium chloride)/dm^3,5.0 g/dm^3,0.33 g/dm^3,True
2.92 ,114.0 mg/dm^3,0.047 g(sodium chloride)/dm^3,1.4 g/dm^3,0.49 g/dm^3,True
3.12 ,101.0 mg/dm^3,0.059 g(sodium chloride)/dm^3,1.1 g/dm^3,0.42 g/dm^3,True
3.47 ,25.0 mg/dm^3,0.066 g(sodium chloride)/dm^3,2.1 g/dm^3,0.02 g/dm^3,False
3.04 ,255.0 mg/dm^3,0.052 g(sodium chloride)/dm^3,18.75 g/dm^3,0.46 g/dm^3,False
3.31 ,163.0 mg/dm^3,0.049 g(sodium chloride)/dm^3,1.8 g/dm^3,0.21 g/dm^3,True
3.45 ,106.0 mg/dm^3,0.024 g(sodium chloride)/dm^3,1.9 g/dm^3,0.28 g/dm^3,True
3.3 ,132.0 mg/dm^3,0.049 g(sodium chloride)/dm^3,1.6 g/dm^3,0.34 g/dm^3,True
2.93 ,168.0 mg/dm^3,0.184 g(sodium chloride)/dm^3,4.4 g/dm^3,0.14 g/dm^3,True
3.15 ,134.0 mg/dm^3,0.047 g(sodium chloride)/dm^3,1.7 g/dm^3,0.41 g/dm^3,True
3.37 ,121.0 mg/dm^3,0.07 g(sodium chloride)/dm^3,7.3 g/dm^3,0.26 g/dm^3,False
3.11 ,87.0 mg/dm^3,0.026 g(sodium chloride)/dm^3,4.3 g/dm^3,0.36 g/dm^3,False
3.57 ,208.0 mg/dm^3,0.057 g(sodium chloride)/dm^3,7.0 g/dm^3,0.37 g/dm^3,False
3.17 ,17.0 mg/dm^3,0.054 g(sodium chloride)/dm^3,1.9 g/dm^3,0.39 g/dm^3,False
3.53 ,107.0 mg/dm^3,0.051 g(sodium chloride)/dm^3,1.4 g/dm^3,0.25 g/dm^3,True
3.34 ,120.0 mg/dm^3,0.037 g(sodium chloride)/dm^3,1.4 g/dm^3,0.59 g/dm^3,True
3.2 ,140.0 mg/dm^3,0.064 g(sodium chloride)/dm^3,17.4 g/dm^3,0.27 g/dm^3,True
3.3 ,103.0 mg/dm^3,0.092 g(sodium chloride)/dm^3,1.8 g/dm^3,0.56 g/dm^3,False
3.37 ,143.0 mg/dm^3,0.052 g(sodium chloride)/dm^3,13.0 g/dm^3,0.3 g/dm^3,True
3.2 ,97.0 mg/dm^3,0.024 g(sodium chloride)/dm^3,1.2 g/dm^3,0.32 g/dm^3,True
3.41 ,158.0 mg/dm^3,0.03 g(sodium chloride)/dm^3,11.8 g/dm^3,0.23 g/dm^3,True
3.17 ,139.0 mg/dm^3,0.084 g(sodium chloride)/dm^3,18.35 g/dm^3,0.26 g/dm^3,False
3.32 ,114.0 mg/dm^3,0.046 g(sodium chloride)/dm^3,1.8 g/dm^3,0.38 g/dm^3,True
3.24 ,28.0 mg/dm^3,0.063 g(sodium chloride)/dm^3,2.5 g/dm^3,0.47 g/dm^3,False
3.18 ,105.0 mg/dm^3,0.035 g(sodium chloride)/dm^3,3.5 g/dm^3,0.42 g/dm^3,True
2.93 ,95.0 mg/dm^3,0.034 g(sodium chloride)/dm^3,1.8 g/dm^3,0.37 g/dm^3,True
3.35 ,10.0 mg/dm^3,0.114 g(sodium chloride)/dm^3,1.9 g/dm^3,0.0 g/dm^3,False
3.17 ,14.0 mg/dm^3,0.053 g(sodium chloride)/dm^3,1.8 g/dm^3,0.36 g/dm^3,False
3.29 ,20.0 mg/dm^3,0.076 g(sodium chloride)/dm^3,2.0 g/dm^3,0.13 g/dm^3,False
3.34 ,123.0 mg/dm^3,0.042 g(sodium chloride)/dm^3,8.4 g/dm^3,0.36 g/dm^3,True
3.37 ,133.0 mg/dm^3,0.032 g(sodium chloride)/dm^3,14.0 g/dm^3,0.34 g/dm^3,True
3.12 ,127.0 mg/dm^3,0.018 g(sodium chloride)/dm^3,4.8 g/dm^3,0.34 g/dm^3,True
3.33 ,25.0 mg/dm^3,0.074 g(sodium chloride)/dm^3,2.1 g/dm^3,0.01 g/dm^3,False
2.9 ,168.0 mg/dm^3,0.056 g(sodium chloride)/dm^3,13.7 g/dm^3,0.3 g/dm^3,True
3.11 ,135.0 mg/dm^3,0.04 g(sodium chloride)/dm^3,7.7 g/dm^3,0.31 g/dm^3,False
3.23 ,117.0 mg/dm^3,0.042 g(sodium chloride)/dm^3,7.8 g/dm^3,0.13 g/dm^3,False
3.37 ,59.0 mg/dm^3,0.083 g(sodium chloride)/dm^3,3.2 g/dm^3,0.39 g/dm^3,False
3.28 ,158.0 mg/dm^3,0.042 g(sodium chloride)/dm^3,18.15 g/dm^3,0.49 g/dm^3,True
3.19 ,108.0 mg/dm^3,0.037 g(sodium chloride)/dm^3,2.0 g/dm^3,0.34 g/dm^3,True
3.2 ,110.0 mg/dm^3,0.037 g(sodium chloride)/dm^3,6.7 g/dm^3,0.49 g/dm^3,True
2.8 ,116.0 mg/dm^3,0.03 g(sodium chloride)/dm^3,6.9 g/dm^3,0.35 g/dm^3,True
3.31 ,142.0 mg/dm^3,0.042 g(sodium chloride)/dm^3,2.2 g/dm^3,0.32 g/dm^3,True
3.42 ,54.0 mg/dm^3,0.076 g(sodium chloride)/dm^3,2.8 g/dm^3,0.43 g/dm^3,False
2.8 ,53.0 mg/dm^3,0.038 g(sodium chloride)/dm^3,1.2 g/dm^3,0.28 g/dm^3,False
3.24 ,87.0 mg/dm^3,0.09 g(sodium chloride)/dm^3,3.4 g/dm^3,0.26 g/dm^3,False
3.26 ,228.0 mg/dm^3,0.048 g(sodium chloride)/dm^3,14.4 g/dm^3,0.44 g/dm^3,True
3.12 ,127.0 mg/dm^3,0.018 g(sodium chloride)/dm^3,4.8 g/dm^3,-0.34 g/dm^3,True
3.22 ,189.0 mg/dm^3,0.047 g(sodium chloride)/dm^3,8.0 g/dm^3,0.51 g/dm^3,False
3.19 ,125.0 mg/dm^3,0.04 g(sodium chloride)/dm^3,2.2 g/dm^3,0.28 g/dm^3,True
3.01 ,221.0 mg/dm^3,0.046 g(sodium chloride)/dm^3,11.3 g/dm^3,0.49 g/dm^3,False
3.36 ,80.0 mg/dm^3,0.042 g(sodium chloride)/dm^3,2.8 g/dm^3,0.1 g/dm^3,False
3.03 ,125.0 mg/dm^3,0.034 g(sodium chloride)/dm^3,2.8 g/dm^3,0.3 g/dm^3,True
3.37 ,101.0 mg/dm^3,0.044 g(sodium chloride)/dm^3,1.6 g/dm^3,0.22 g/dm^3,False
3.08 ,147.0 mg/dm^3,0.045 g(sodium chloride)/dm^3,16.05 g/dm^3,0.24 g/dm^3,False
3.2 ,139.0 mg/dm^3,0.031 g(sodium chloride)/dm^3,20.8 g/dm^3,0.36 g/dm^3,True
3.46 ,37.0 mg/dm^3,0.105 g(sodium chloride)/dm^3,2.5 g/dm^3,0.0 g/dm^3,False
3.26 ,176.0 mg/dm^3,0.055 g(sodium chloride)/dm^3,16.2 g/dm^3,0.23 g/dm^3,False
3.08 ,206.0 mg/dm^3,0.047 g(sodium chloride)/dm^3,10.7 g/dm^3,0.5 g/dm^3,False
3.05 ,150.0 mg/dm^3,0.037 g(sodium chloride)/dm^3,1.8 g/dm^3,0.24 g/dm^3,True
3.13 ,188.0 mg/dm^3,0.041 g(sodium chloride)/dm^3,1.8 g/dm^3,0.28 g/dm^3,True
3.16 ,99.0 mg/dm^3,0.103 g(sodium chloride)/dm^3,3.0 g/dm^3,0.58 g/dm^3,False
3.26 ,203.0 mg/dm^3,0.045 g(sodium chloride)/dm^3,7.5 g/dm^3,0.45 g/dm^3,True
3.24 ,143.0 mg/dm^3,0.042 g(sodium chloride)/dm^3,12.6 g/dm^3,0.46 g/dm^3,True
3.28 ,139.0 mg/dm^3,0.031 g(sodium chloride)/dm^3,2.0 g/dm^3,0.36 g/dm^3,True
3.34 ,73.0 mg/dm^3,0.069 g(sodium chloride)/dm^3,2.0 g/dm^3,0.29 g/dm^3,False
3.19 ,99.0 mg/dm^3,0.041 g(sodium chloride)/dm^3,1.2 g/dm^3,0.27 g/dm^3,True
3.29 ,21.0 mg/dm^3,0.078 g(sodium chloride)/dm^3,1.7 g/dm^3,0.24 g/dm^3,False
3.17 ,134.0 mg/dm^3,0.035 g(sodium chloride)/dm^3,13.7 g/dm^3,0.29 g/dm^3,True
3.29 ,72.0 mg/dm^3,0.042 g(sodium chloride)/dm^3,4.8 g/dm^3,0.24 g/dm^3,True
3.25 ,148.0 mg/dm^3,0.054 g(sodium chloride)/dm^3,5.9 g/dm^3,0.36 g/dm^3,True
3.17 ,22.0 mg/dm^3,0.066 g(sodium chloride)/dm^3,3.2 g/dm^3,0.73 g/dm^3,False
3.42 ,113.0 mg/dm^3,0.043 g(sodium chloride)/dm^3,8.8 g/dm^3,0.34 g/dm^3,True
3.14 ,20.0 mg/dm^3,0.087 g(sodium chloride)/dm^3,2.3 g/dm^3,0.57 g/dm^3,False
3.24 ,197.0 mg/dm^3,0.045 g(sodium chloride)/dm^3,12.3 g/dm^3,0.44 g/dm^3,True
3.23 ,41.0 mg/dm^3,0.122 g(sodium chloride)/dm^3,2.9 g/dm^3,0.64 g/dm^3,False
3.26 ,91.0 mg/dm^3,0.083 g(sodium chloride)/dm^3,2.0 g/dm^3,0.27 g/dm^3,False
3.19 ,161.0 mg/dm^3,0.044 g(sodium chloride)/dm^3,2.2 g/dm^3,0.19 g/dm^3,True
3.22 ,102.0 mg/dm^3,0.033 g(sodium chloride)/dm^3,6.4 g/dm^3,0.27 g/dm^3,True
3.02 ,121.0 mg/dm^3,0.037 g(sodium chloride)/dm^3,6.9 g/dm^3,0.31 g/dm^3,True
3.03 ,119.0 mg/dm^3,0.037 g(sodium chloride)/dm^3,0.8 g/dm^3,0.34 g/dm^3,True
3.22 ,16.0 mg/dm^3,0.127 g(sodium chloride)/dm^3,2.1 g/dm^3,0.29 g/dm^3,False
3.3 ,35.0 mg/dm^3,0.08 g(sodium chloride)/dm^3,1.9 g/dm^3,0.18 g/dm^3,False
3.18 ,140.0 mg/dm^3,0.044 g(sodium chloride)/dm^3,9.7 g/dm^3,0.42 g/dm^3,True
3.2 ,67.0 mg/dm^3,0.098 g(sodium chloride)/dm^3,2.6 g/dm^3,0.0 g/dm^3,False
3.1 ,132.0 mg/dm^3,0.038 g(sodium chloride)/dm^3,6.7 g/dm^3,0.31 g/dm^3,True
3.15 ,176.0 mg/dm^3,0.053 g(sodium chloride)/dm^3,31.6 g/dm^3,0.28 g/dm^3,True
3.28 ,126.0 mg/dm^3,0.044 g(sodium chloride)/dm^3,1.3 g/dm^3,0.41 g/dm^3,False
3.09 ,99.0 mg/dm^3,0.034 g(sodium chloride)/dm^3,5.5 g/dm^3,0.26 g/dm^3,True
2.93 ,109.0 mg/dm^3,0.149 g(sodium chloride)/dm^3,1.3 g/dm^3,0.82 g/dm^3,True
3.46 ,100.0 mg/dm^3,0.027 g(sodium chloride)/dm^3,2.7 g/dm^3,0.31 g/dm^3,True
3.12 ,205.0 mg/dm^3,0.055 g(sodium chloride)/dm^3,14.4 g/dm^3,0.28 g/dm^3,True
3.16 ,60.0 mg/dm^3,0.075 g(sodium chloride)/dm^3,1.9 g/dm^3,0.56 g/dm^3,False
3.09 ,131.0 mg/dm^3,0.045 g(sodium chloride)/dm^3,10.05 g/dm^3,0.32 g/dm^3,True
3.03 ,160.0 mg/dm^3,0.029 g(sodium chloride)/dm^3,6.5 g/dm^3,0.31 g/dm^3,True
3.02 ,37.0 mg/dm^3,0.018 g(sodium chloride)/dm^3,3.1 g/dm^3,0.3 g/dm^3,True
3.11 ,136.0 mg/dm^3,0.038 g(sodium chloride)/dm^3,10.7 g/dm^3,0.38 g/dm^3,True
3.36 ,138.0 mg/dm^3,0.029 g(sodium chloride)/dm^3,1.4 g/dm^3,0.33 g/dm^3,True
3.36 ,119.0 mg/dm^3,0.036 g(sodium chloride)/dm^3,1.4 g/dm^3,0.04 g/dm^3,True
3.2 ,97.0 mg/dm^3,0.022 g(sodium chloride)/dm^3,7.7 g/dm^3,0.45 g/dm^3,True
3.22 ,13.0 mg/dm^3,0.075 g(sodium chloride)/dm^3,2.2 g/dm^3,0.37 g/dm^3,False
3.05 ,128.0 mg/dm^3,0.018 g(sodium chloride)/dm^3,1.2 g/dm^3,0.23 g/dm^3,False
3.32 ,27.0 mg/dm^3,0.052 g(sodium chloride)/dm^3,2.6 g/dm^3,0.51 g/dm^3,False
3.22 ,120.0 mg/dm^3,0.064 g(sodium chloride)/dm^3,1.2 g/dm^3,0.03 g/dm^3,False
3.16 ,126.0 mg/dm^3,0.034 g(sodium chloride)/dm^3,6.0 g/dm^3,0.35 g/dm^3,True
3.16 ,85.0 mg/dm^3,0.036 g(sodium chloride)/dm^3,1.2 g/dm^3,0.39 g/dm^3,False
3.01 ,278.0 mg/dm^3,0.05 g(sodium chloride)/dm^3,8.3 g/dm^3,0.68 g/dm^3,False
3.35 ,113.0 mg/dm^3,0.027 g(sodium chloride)/dm^3,1.1 g/dm^3,0.33 g/dm^3,True
3.08 ,172.0 mg/dm^3,0.036 g(sodium chloride)/dm^3,9.7 g/dm^3,0.33 g/dm^3,False
3.19 ,84.0 mg/dm^3,0.107 g(sodium chloride)/dm^3,1.8 g/dm^3,0.15 g/dm^3,False
2.77 ,115.0 mg/dm^3,0.087 g(sodium chloride)/dm^3,2.4 g/dm^3,0.23 g/dm^3,True
3.09 ,194.0 mg/dm^3,0.053 g(sodium chloride)/dm^3,13.3 g/dm^3,0.5 g/dm^3,False
3.22 ,212.0 mg/dm^3,0.032 g(sodium chloride)/dm^3,10.6 g/dm^3,0.45 g/dm^3,True
3.57 ,18.0 mg/dm^3,0.05 g(sodium chloride)/dm^3,1.6 g/dm^3,0.06 g/dm^3,False
3.22 ,68.0 mg/dm^3,0.02 g(sodium chloride)/dm^3,6.0 g/dm^3,0.31 g/dm^3,True
3.37 ,54.0 mg/dm^3,0.077 g(sodium chloride)/dm^3,1.9 g/dm^3,0.2 g/dm^3,False
3.34 ,84.0 mg/dm^3,0.038 g(sodium chloride)/dm^3,1.5 g/dm^3,0.31 g/dm^3,True
2.99 ,94.0 mg/dm^3,0.033 g(sodium chloride)/dm^3,2.7 g/dm^3,0.28 g/dm^3,True
3.09 ,131.0 mg/dm^3,0.045 g(sodium chloride)/dm^3,10.05 g/dm^3,0.32 g/dm^3,True
3.19 ,176.0 mg/dm^3,0.046 g(sodium chloride)/dm^3,7.0 g/dm^3,0.54 g/dm^3,False
3.23 ,72.0 mg/dm^3,0.038 g(sodium chloride)/dm^3,0.9 g/dm^3,0.24 g/dm^3,False
3.02 ,112.0 mg/dm^3,0.049 g(sodium chloride)/dm^3,1.4 g/dm^3,0.34 g/dm^3,True
3.15 ,170.0 mg/dm^3,0.046 g(sodium chloride)/dm^3,8.1 g/dm^3,0.4 g/dm^3,True
3.39 ,21.0 mg/dm^3,0.186 g(sodium chloride)/dm^3,1.6 g/dm^3,0.12 g/dm^3,False
3.14 ,136.0 mg/dm^3,0.039 g(sodium chloride)/dm^3,1.3 g/dm^3,0.49 g/dm^3,True
3.21 ,106.0 mg/dm^3,0.036 g(sodium chloride)/dm^3,1.9 g/dm^3,0.18 g/dm^3,True
3.15 ,90.0 mg/dm^3,0.104 g(sodium chloride)/dm^3,3.9 g/dm^3,0.25 g/dm^3,False
3.08 ,118.0 mg/dm^3,0.047 g(sodium chloride)/dm^3,17.3 g/dm^3,0.23 g/dm^3,True
3.19 ,187.0 mg/dm^3,0.049 g(sodium chloride)/dm^3,1.4 g/dm^3,0.47 g/dm^3,False
3.19 ,88.0 mg/dm^3,0.092 g(sodium chloride)/dm^3,2.5 g/dm^3,0.21 g/dm^3,False
3.27 ,157.0 mg/dm^3,0.044 g(sodium chloride)/dm^3,2.4 g/dm^3,0.24 g/dm^3,True
3.37 ,26.0 mg/dm^3,0.089 g(sodium chloride)/dm^3,2.2 g/dm^3,0.0 g/dm^3,False
3.16 ,152.0 mg/dm^3,0.052 g(sodium chloride)/dm^3,5.7 g/dm^3,0.4 g/dm^3,True
3.38 ,21.0 mg/dm^3,0.091 g(sodium chloride)/dm^3,2.5 g/dm^3,0.07 g/dm^3,False
3.14 ,161.0 mg/dm^3,0.056 g(sodium chloride)/dm^3,6.5 g/dm^3,0.44 g/dm^3,False
3.18 ,213.0 mg/dm^3,0.045 g(sodium chloride)/dm^3,14.3 g/dm^3,0.42 g/dm^3,False
3.54 ,106.0 mg/dm^3,0.054 g(sodium chloride)/dm^3,1.6 g/dm^3,0.04 g/dm^3,False
3.3 ,59.0 mg/dm^3,0.028 g(sodium chloride)/dm^3,1.6 g/dm^3,0.33 g/dm^3,True
2.85 ,104.0 mg/dm^3,0.052 g(sodium chloride)/dm^3,2.1 g/dm^3,0.43 g/dm^3,False
3.2 ,108.0 mg/dm^3,0.03 g(sodium chloride)/dm^3,10.3 g/dm^3,0.27 g/dm^3,True
3.07 ,189.0 mg/dm^3,0.067 g(sodium chloride)/dm^3,14.4 g/dm^3,0.34 g/dm^3,True
3.37 ,158.0 mg/dm^3,0.056 g(sodium chloride)/dm^3,16.9 g/dm^3,0.32 g/dm^3,True
3.13 ,160.0 mg/dm^3,0.069 g(sodium chloride)/dm^3,7.4 g/dm^3,0.26 g/dm^3,True
3.08 ,29.0 mg/dm^3,0.074 g(sodium chloride)/dm^3,2.4 g/dm^3,0.47 g/dm^3,False
3.3 ,54.0 mg/dm^3,0.062 g(sodium chloride)/dm^3,2.1 g/dm^3,0.32 g/dm^3,False
3.25 ,108.0 mg/dm^3,0.04 g(sodium chloride)/dm^3,1.9 g/dm^3,0.34 g/dm^3,True
3.18 ,28.0 mg/dm^3,0.055 g(sodium chloride)/dm^3,2.3 g/dm^3,0.27 g/dm^3,False
3.63 ,136.0 mg/dm^3,0.056 g(sodium chloride)/dm^3,1.4 g/dm^3,0.33 g/dm^3,True
3.26 ,100.0 mg/dm^3,0.083 g(sodium chloride)/dm^3,2.0 g/dm^3,0.26 g/dm^3,False
3.3 ,176.0 mg/dm^3,0.049 g(sodium chloride)/dm^3,8.1 g/dm^3,0.38 g/dm^3,True
3.05 ,169.0 mg/dm^3,0.052 g(sodium chloride)/dm^3,1.6 g/dm^3,0.28 g/dm^3,False
3.57 ,118.0 mg/dm^3,0.03 g(sodium chloride)/dm^3,4.2 g/dm^3,0.4 g/dm^3,True
3.08 ,156.0 mg/dm^3,0.021 g(sodium chloride)/dm^3,8.8 g/dm^3,0.27 g/dm^3,True
3.22 ,89.0 mg/dm^3,0.095 g(sodium chloride)/dm^3,2.7 g/dm^3,0.33 g/dm^3,False
3.14 ,89.0 mg/dm^3,0.066 g(sodium chloride)/dm^3,2.5 g/dm^3,0.37 g/dm^3,True
3.06 ,198.0 mg/dm^3,0.024 g(sodium chloride)/dm^3,4.6 g/dm^3,0.36 g/dm^3,True
3.3 ,163.0 mg/dm^3,0.04 g(sodium chloride)/dm^3,5.2 g/dm^3,0.39 g/dm^3,True
3.38 ,29.0 mg/dm^3,0.086 g(sodium chloride)/dm^3,4.4 g/dm^3,0.08 g/dm^3,False
3.0 ,135.0 mg/dm^3,0.033 g(sodium chloride)/dm^3,3.5 g/dm^3,0.3 g/dm^3,True
3.2 ,93.0 mg/dm^3,0.028 g(sodium chloride)/dm^3,1.2 g/dm^3,0.37 g/dm^3,False
2.92 ,124.0 mg/dm^3,0.042 g(sodium chloride)/dm^3,11.6 g/dm^3,0.36 g/dm^3,True
3.14 ,118.0 mg/dm^3,0.03 g(sodium chloride)/dm^3,5.4 g/dm^3,0.45 g/dm^3,False
3.17 ,119.0 mg/dm^3,0.041 g(sodium chloride)/dm^3,5.8 g/dm^3,0.32 g/dm^3,True
3.0 ,118.0 mg/dm^3,0.038 g(sodium chloride)/dm^3,13.5 g/dm^3,0.35 g/dm^3,True
3.21 ,21.0 mg/dm^3,0.076 g(sodium chloride)/dm^3,1.4 g/dm^3,0.43 g/dm^3,False
3.02 ,159.0 mg/dm^3,0.056 g(sodium chloride)/dm^3,2.4 g/dm^3,0.28 g/dm^3,True
3.06 ,132.0 mg/dm^3,0.053 g(sodium chloride)/dm^3,7.7 g/dm^3,0.28 g/dm^3,True
3.22 ,113.0 mg/dm^3,0.044 g(sodium chloride)/dm^3,16.0 g/dm^3,0.2 g/dm^3,True
3.09 ,180.0 mg/dm^3,0.034 g(sodium chloride)/dm^3,1.8 g/dm^3,0.39 g/dm^3,True
2.99 ,101.0 mg/dm^3,0.057 g(sodium chloride)/dm^3,8.0 g/dm^3,0.34 g/dm^3,False
3.21 ,29.0 mg/dm^3,0.094 g(sodium chloride)/dm^3,2.2 g/dm^3,0.23 g/dm^3,False
3.04 ,25.0 mg/dm^3,0.04 g(sodium chloride)/dm^3,0.7 g/dm^3,0.34 g/dm^3,False
3.58 ,33.0 mg/dm^3,0.068 g(sodium chloride)/dm^3,2.3 g/dm^3,0.0 g/dm^3,False
3.25 ,31.0 mg/dm^3,0.084 g(sodium chloride)/dm^3,2.2 g/dm^3,0.0 g/dm^3,False
3.43 ,130.0 mg/dm^3,0.042 g(sodium chloride)/dm^3,1.7 g/dm^3,0.26 g/dm^3,True
3.15 ,178.0 mg/dm^3,0.119 g(sodium chloride)/dm^3,9.6 g/dm^3,0.24 g/dm^3,True
3.24 ,81.0 mg/dm^3,0.075 g(sodium chloride)/dm^3,2.3 g/dm^3,0.22 g/dm^3,False
3.41 ,30.0 mg/dm^3,0.062 g(sodium chloride)/dm^3,1.7 g/dm^3,0.38 g/dm^3,False
3.31 ,128.0 mg/dm^3,0.05 g(sodium chloride)/dm^3,1.8 g/dm^3,0.49 g/dm^3,False
3.18 ,190.0 mg/dm^3,0.06 g(sodium chloride)/dm^3,6.2 g/dm^3,0.22 g/dm^3,False
3.14 ,76.0 mg/dm^3,0.111 g(sodium chloride)/dm^3,5.8 g/dm^3,0.19 g/dm^3,False
2.97 ,107.0 mg/dm^3,0.03 g(sodium chloride)/dm^3,2.7 g/dm^3,0.34 g/dm^3,True
3.3 ,140.0 mg/dm^3,0.04 g(sodium chloride)/dm^3,12.7 g/dm^3,0.36 g/dm^3,True
2.9 ,95.0 mg/dm^3,0.037 g(sodium chloride)/dm^3,3.2 g/dm^3,0.24 g/dm^3,True
3.34 ,135.0 mg/dm^3,0.046 g(sodium chloride)/dm^3,1.4 g/dm^3,0.31 g/dm^3,True
3.19 ,126.0 mg/dm^3,0.052 g(sodium chloride)/dm^3,1.6 g/dm^3,0.41 g/dm^3,False
3.04 ,121.0 mg/dm^3,0.042 g(sodium chloride)/dm^3,1.2 g/dm^3,0.33 g/dm^3,True
2.98 ,86.0 mg/dm^3,0.033 g(sodium chloride)/dm^3,1.1 g/dm^3,0.25 g/dm^3,True
3.26 ,85.0 mg/dm^3,0.111 g(sodium chloride)/dm^3,2.0 g/dm^3,0.57 g/dm^3,False
3.44 ,72.0 mg/dm^3,0.083 g(sodium chloride)/dm^3,2.1 g/dm^3,0.3 g/dm^3,False
3.3 ,61.0 mg/dm^3,0.031 g(sodium chloride)/dm^3,1.8 g/dm^3,0.37 g/dm^3,False
3.47 ,35.0 mg/dm^3,0.08 g(sodium chloride)/dm^3,1.9 g/dm^3,0.0 g/dm^3,False
3.27 ,151.0 mg/dm^3,0.054 g(sodium chloride)/dm^3,7.5 g/dm^3,0.49 g/dm^3,True
3.23 ,86.0 mg/dm^3,0.039 g(sodium chloride)/dm^3,4.9 g/dm^3,0.38 g/dm^3,True
3.23 ,198.0 mg/dm^3,0.047 g(sodium chloride)/dm^3,14.7 g/dm^3,0.28 g/dm^3,False
3.27 ,24.0 mg/dm^3,0.068 g(sodium chloride)/dm^3,2.0 g/dm^3,0.41 g/dm^3,False
3.13 ,122.0 mg/dm^3,0.028 g(sodium chloride)/dm^3,8.0 g/dm^3,0.3 g/dm^3,True
3.38 ,40.0 mg/dm^3,0.069 g(sodium chloride)/dm^3,2.4 g/dm^3,0.02 g/dm^3,False
3.04 ,200.0 mg/dm^3,0.05 g(sodium chloride)/dm^3,13.1 g/dm^3,0.36 g/dm^3,True
3.38 ,92.0 mg/dm^3,0.063 g(sodium chloride)/dm^3,1.2 g/dm^3,0.49 g/dm^3,True
3.15 ,148.0 mg/dm^3,0.035 g(sodium chloride)/dm^3,1.8 g/dm^3,0.33 g/dm^3,False
3.22 ,114.0 mg/dm^3,0.069 g(sodium chloride)/dm^3,4.3 g/dm^3,0.29 g/dm^3,True
3.1 ,150.0 mg/dm^3,0.037 g(sodium chloride)/dm^3,7.1 g/dm^3,0.34 g/dm^3,True
3.34 ,168.0 mg/dm^3,0.048 g(sodium chloride)/dm^3,5.1 g/dm^3,0.22 g/dm^3,True
3.33 ,27.0 mg/dm^3,0.064 g(sodium chloride)/dm^3,3.0 g/dm^3,0.15 g/dm^3,False
3.1 ,174.0 mg/dm^3,0.037 g(sodium chloride)/dm^3,8.1 g/dm^3,0.49 g/dm^3,True
3.07 ,73.0 mg/dm^3,0.057 g(sodium chloride)/dm^3,0.9 g/dm^3,0.49 g/dm^3,True
3.52 ,105.0 mg/dm^3,0.048 g(sodium chloride)/dm^3,1.3 g/dm^3,0.27 g/dm^3,True
2.99 ,124.0 mg/dm^3,0.015 g(sodium chloride)/dm^3,7.4 g/dm^3,0.32 g/dm^3,True
3.25 ,130.0 mg/dm^3,0.044 g(sodium chloride)/dm^3,4.45 g/dm^3,0.74 g/dm^3,True
3.41 ,197.0 mg/dm^3,0.093 g(sodium chloride)/dm^3,10.0 g/dm^3,0.24 g/dm^3,False
3.44 ,136.0 mg/dm^3,0.033 g(sodium chloride)/dm^3,1.7 g/dm^3,0.26 g/dm^3,True
2.92 ,163.0 mg/dm^3,0.041 g(sodium chloride)/dm^3,4.1 g/dm^3,0.47 g/dm^3,True
3.28 ,23.0 mg/dm^3,0.104 g(sodium chloride)/dm^3,4.0 g/dm^3,0.51 g/dm^3,False
3.17 ,146.0 mg/dm^3,0.053 g(sodium chloride)/dm^3,1.3 g/dm^3,0.4 g/dm^3,True
3.09 ,131.0 mg/dm^3,0.039 g(sodium chloride)/dm^3,1.0 g/dm^3,0.49 g/dm^3,True
3.31 ,208.0 mg/dm^3,0.039 g(sodium chloride)/dm^3,7.8 g/dm^3,0.39 g/dm^3,True
2.95 ,195.0 mg/dm^3,0.05 g(sodium chloride)/dm^3,14.8 g/dm^3,0.48 g/dm^3,True
3.44 ,153.0 mg/dm^3,0.049 g(sodium chloride)/dm^3,2.7 g/dm^3,0.31 g/dm^3,True
3.1 ,178.0 mg/dm^3,0.127 g(sodium chloride)/dm^3,1.0 g/dm^3,0.5 g/dm^3,False
3.36 ,26.0 mg/dm^3,0.072 g(sodium chloride)/dm^3,2.0 g/dm^3,0.02 g/dm^3,False
3.02 ,121.0 mg/dm^3,0.04 g(sodium chloride)/dm^3,1.8 g/dm^3,0.28 g/dm^3,False
3.52 ,32.0 mg/dm^3,0.067 g(sodium chloride)/dm^3,2.3 g/dm^3,0.08 g/dm^3,False
3.13 ,150.0 mg/dm^3,0.049 g(sodium chloride)/dm^3,1.1 g/dm^3,0.33 g/dm^3,False
3.49 ,140.0 mg/dm^3,0.027 g(sodium chloride)/dm^3,4.5 g/dm^3,0.25 g/dm^3,True
3.31 ,124.0 mg/dm^3,0.036 g(sodium chloride)/dm^3,3.0 g/dm^3,0.3 g/dm^3,True
3.15 ,122.0 mg/dm^3,0.043 g(sodium chloride)/dm^3,2.1 g/dm^3,0.5 g/dm^3,True
3.21 ,197.0 mg/dm^3,0.044 g(sodium chloride)/dm^3,7.9 g/dm^3,0.16 g/dm^3,False
3.08 ,17.0 mg/dm^3,0.084 g(sodium chloride)/dm^3,2.2 g/dm^3,0.41 g/dm^3,False
2.95 ,92.0 mg/dm^3,0.076 g(sodium chloride)/dm^3,5.2 g/dm^3,0.29 g/dm^3,True
3.32 ,77.0 mg/dm^3,0.04 g(sodium chloride)/dm^3,2.2 g/dm^3,0.29 g/dm^3,False
3.04 ,116.0 mg/dm^3,0.038 g(sodium chloride)/dm^3,12.7 g/dm^3,0.33 g/dm^3,True
3.25 ,171.0 mg/dm^3,0.044 g(sodium chloride)/dm^3,2.0 g/dm^3,0.34 g/dm^3,True
3.2 ,174.0 mg/dm^3,0.053 g(sodium chloride)/dm^3,18.95 g/dm^3,0.26 g/dm^3,False
3.34 ,20.0 mg/dm^3,0.072 g(sodium chloride)/dm^3,4.6 g/dm^3,0.48 g/dm^3,False
3.13 ,127.0 mg/dm^3,0.051 g(sodium chloride)/dm^3,2.3 g/dm^3,0.3 g/dm^3,True
3.04 ,195.0 mg/dm^3,0.045 g(sodium chloride)/dm^3,7.7 g/dm^3,0.49 g/dm^3,True
3.16 ,70.0 mg/dm^3,0.086 g(sodium chloride)/dm^3,2.6 g/dm^3,0.37 g/dm^3,False
3.04 ,178.0 mg/dm^3,0.059 g(sodium chloride)/dm^3,9.5 g/dm^3,0.26 g/dm^3,True
3.25 ,28.0 mg/dm^3,0.079 g(sodium chloride)/dm^3,1.9 g/dm^3,0.26 g/dm^3,False
3.4 ,30.0 mg/dm^3,0.078 g(sodium chloride)/dm^3,1.9 g/dm^3,0.02 g/dm^3,False
3.36 ,198.0 mg/dm^3,0.055 g(sodium chloride)/dm^3,13.8 g/dm^3,0.46 g/dm^3,True
3.41 ,102.0 mg/dm^3,0.029 g(sodium chloride)/dm^3,1.6 g/dm^3,0.32 g/dm^3,True
3.08 ,172.0 mg/dm^3,0.036 g(sodium chloride)/dm^3,9.7 g/dm^3,0.33 g/dm^3,False
3.35 ,75.0 mg/dm^3,0.084 g(sodium chloride)/dm^3,2.6 g/dm^3,0.49 g/dm^3,False
3.19 ,131.0 mg/dm^3,0.032 g(sodium chloride)/dm^3,1.2 g/dm^3,0.28 g/dm^3,True
3.15 ,170.0 mg/dm^3,0.046 g(sodium chloride)/dm^3,8.1 g/dm^3,0.4 g/dm^3,True
3.03 ,174.0 mg/dm^3,0.05 g(sodium chloride)/dm^3,15.4 g/dm^3,0.34 g/dm^3,True
3.12 ,169.0 mg/dm^3,0.044 g(sodium chloride)/dm^3,13.4 g/dm^3,0.32 g/dm^3,True
3.01 ,125.0 mg/dm^3,0.04 g(sodium chloride)/dm^3,2.8 g/dm^3,0.17 g/dm^3,False
2.83 ,130.0 mg/dm^3,0.086 g(sodium chloride)/dm^3,3.5 g/dm^3,0.19 g/dm^3,False
3.13 ,197.0 mg/dm^3,0.055 g(sodium chloride)/dm^3,17.3 g/dm^3,0.31 g/dm^3,True
2.96 ,205.0 mg/dm^3,0.047 g(sodium chloride)/dm^3,18.2 g/dm^3,1.0 g/dm^3,False
3.12 ,176.0 mg/dm^3,0.043 g(sodium chloride)/dm^3,7.7 g/dm^3,0.28 g/dm^3,False
3.19 ,17.0 mg/dm^3,0.082 g(sodium chloride)/dm^3,5.0 g/dm^3,0.49 g/dm^3,False
3.24 ,99.0 mg/dm^3,0.046 g(sodium chloride)/dm^3,1.1 g/dm^3,0.04 g/dm^3,True
3.24 ,29.0 mg/dm^3,0.116 g(sodium chloride)/dm^3,2.95 g/dm^3,0.66 g/dm^3,False
2.96 ,220.0 mg/dm^3,0.239 g(sodium chloride)/dm^3,13.0 g/dm^3,0.49 g/dm^3,False
3.42 ,40.0 mg/dm^3,0.076 g(sodium chloride)/dm^3,2.3 g/dm^3,0.13 g/dm^3,False
3.25 ,130.0 mg/dm^3,0.044 g(sodium chloride)/dm^3,4.45 g/dm^3,0.74 g/dm^3,True
3.0 ,119.0 mg/dm^3,0.048 g(sodium chloride)/dm^3,1.0 g/dm^3,0.24 g/dm^3,False
3.48 ,127.0 mg/dm^3,0.052 g(sodium chloride)/dm^3,1.6 g/dm^3,0.29 g/dm^3,True
3.06 ,140.0 mg/dm^3,0.053 g(sodium chloride)/dm^3,12.2 g/dm^3,0.31 g/dm^3,True
3.16 ,93.0 mg/dm^3,0.033 g(sodium chloride)/dm^3,5.85 g/dm^3,0.37 g/dm^3,True
3.39 ,20.0 mg/dm^3,0.067 g(sodium chloride)/dm^3,1.7 g/dm^3,0.4 g/dm^3,False
3.24 ,121.0 mg/dm^3,0.036 g(sodium chloride)/dm^3,1.3 g/dm^3,0.04 g/dm^3,True
3.1 ,105.0 mg/dm^3,0.042 g(sodium chloride)/dm^3,3.8 g/dm^3,0.49 g/dm^3,False
3.47 ,55.0 mg/dm^3,0.08 g(sodium chloride)/dm^3,1.5 g/dm^3,0.39 g/dm^3,False
3.21 ,134.0 mg/dm^3,0.031 g(sodium chloride)/dm^3,4.7 g/dm^3,0.34 g/dm^3,True
3.32 ,25.0 mg/dm^3,0.056 g(sodium chloride)/dm^3,1.6 g/dm^3,0.4 g/dm^3,False
3.18 ,42.0 mg/dm^3,0.115 g(sodium chloride)/dm^3,2.2 g/dm^3,0.09 g/dm^3,False
2.98 ,136.0 mg/dm^3,0.071 g(sodium chloride)/dm^3,11.2 g/dm^3,0.47 g/dm^3,False
3.11 ,86.0 mg/dm^3,0.041 g(sodium chloride)/dm^3,2.65 g/dm^3,0.4 g/dm^3,True
3.16 ,206.0 mg/dm^3,0.049 g(sodium chloride)/dm^3,8.0 g/dm^3,0.42 g/dm^3,True
3.2 ,153.0 mg/dm^3,0.036 g(sodium chloride)/dm^3,8.5 g/dm^3,0.37 g/dm^3,True
3.34 ,39.0 mg/dm^3,0.076 g(sodium chloride)/dm^3,2.4 g/dm^3,0.01 g/dm^3,False
3.14 ,194.0 mg/dm^3,0.046 g(sodium chloride)/dm^3,7.0 g/dm^3,0.41 g/dm^3,False
3.34 ,39.0 mg/dm^3,0.088 g(sodium chloride)/dm^3,1.6 g/dm^3,0.35 g/dm^3,False
2.96 ,74.0 mg/dm^3,0.032 g(sodium chloride)/dm^3,1.8 g/dm^3,0.29 g/dm^3,True
3.1 ,127.0 mg/dm^3,0.057 g(sodium chloride)/dm^3,11.8 g/dm^3,0.33 g/dm^3,True
3.29 ,79.0 mg/dm^3,0.079 g(sodium chloride)/dm^3,2.0 g/dm^3,0.31 g/dm^3,False
3.2 ,198.0 mg/dm^3,0.052 g(sodium chloride)/dm^3,15.4 g/dm^3,0.4 g/dm^3,False
3.04 ,116.0 mg/dm^3,0.037 g(sodium chloride)/dm^3,13.3 g/dm^3,0.47 g/dm^3,False
2.91 ,148.0 mg/dm^3,0.052 g(sodium chloride)/dm^3,10.6 g/dm^3,0.47 g/dm^3,False
3.15 ,218.0 mg/dm^3,0.041 g(sodium chloride)/dm^3,6.3 g/dm^3,0.21 g/dm^3,False
3.34 ,109.0 mg/dm^3,0.023 g(sodium chloride)/dm^3,9.0 g/dm^3,0.32 g/dm^3,True
3.05 ,118.0 mg/dm^3,0.046 g(sodium chloride)/dm^3,14.4 g/dm^3,0.29 g/dm^3,True
3.35 ,232.0 mg/dm^3,0.047 g(sodium chloride)/dm^3,7.6 g/dm^3,0.29 g/dm^3,True
3.31 ,12.0 mg/dm^3,0.092 g(sodium chloride)/dm^3,1.6 g/dm^3,0.1 g/dm^3,False
3.34 ,132.0 mg/dm^3,0.036 g(sodium chloride)/dm^3,2.8 g/dm^3,0.26 g/dm^3,True
3.26 ,161.0 mg/dm^3,0.042 g(sodium chloride)/dm^3,7.0 g/dm^3,0.36 g/dm^3,True
3.54 ,171.0 mg/dm^3,0.047 g(sodium chloride)/dm^3,11.2 g/dm^3,0.42 g/dm^3,False
3.25 ,107.0 mg/dm^3,0.032 g(sodium chloride)/dm^3,1.8 g/dm^3,0.44 g/dm^3,True
3.45 ,203.0 mg/dm^3,0.038 g(sodium chloride)/dm^3,7.6 g/dm^3,0.32 g/dm^3,True
3.11 ,78.0 mg/dm^3,0.032 g(sodium chloride)/dm^3,4.4 g/dm^3,0.28 g/dm^3,True
3.27 ,164.0 mg/dm^3,0.043 g(sodium chloride)/dm^3,5.6 g/dm^3,0.27 g/dm^3,False
3.44 ,122.0 mg/dm^3,0.051 g(sodium chloride)/dm^3,5.3 g/dm^3,0.29 g/dm^3,True
3.18 ,119.0 mg/dm^3,0.036 g(sodium chloride)/dm^3,1.6 g/dm^3,0.21 g/dm^3,True
2.99 ,124.0 mg/dm^3,0.049 g(sodium chloride)/dm^3,6.2 g/dm^3,0.88 g/dm^3,False
3.17 ,17.0 mg/dm^3,0.054 g(sodium chloride)/dm^3,1.9 g/dm^3,0.39 g/dm^3,False
3.44 ,91.0 mg/dm^3,0.051 g(sodium chloride)/dm^3,8.3 g/dm^3,0.23 g/dm^3,False
3.4 ,24.0 mg/dm^3,0.074 g(sodium chloride)/dm^3,1.8 g/dm^3,0.22 g/dm^3,False
3.31 ,136.0 mg/dm^3,0.043 g(sodium chloride)/dm^3,1.9 g/dm^3,0.34 g/dm^3,False
2.9 ,166.0 mg/dm^3,0.037 g(sodium chloride)/dm^3,8.1 g/dm^3,0.67 g/dm^3,True
3.54 ,199.0 mg/dm^3,0.059 g(sodium chloride)/dm^3,3.9 g/dm^3,0.29 g/dm^3,False
3.07 ,118.0 mg/dm^3,0.03 g(sodium chloride)/dm^3,11.75 g/dm^3,0.27 g/dm^3,True
3.16 ,134.0 mg/dm^3,0.055 g(sodium chloride)/dm^3,9.8 g/dm^3,0.27 g/dm^3,True
3.44 ,84.0 mg/dm^3,0.042 g(sodium chloride)/dm^3,6.8 g/dm^3,0.06 g/dm^3,False
2.94 ,136.0 mg/dm^3,0.052 g(sodium chloride)/dm^3,15.1 g/dm^3,0.53 g/dm^3,False
3.35 ,172.0 mg/dm^3,0.046 g(sodium chloride)/dm^3,12.1 g/dm^3,0.24 g/dm^3,False
3.55 ,72.0 mg/dm^3,0.082 g(sodium chloride)/dm^3,2.7 g/dm^3,0.34 g/dm^3,False
3.34 ,121.0 mg/dm^3,0.06 g(sodium chloride)/dm^3,5.6 g/dm^3,0.49 g/dm^3,False
3.18 ,151.0 mg/dm^3,0.033 g(sodium chloride)/dm^3,13.1 g/dm^3,0.37 g/dm^3,True
3.16 ,76.0 mg/dm^3,0.03 g(sodium chloride)/dm^3,1.2 g/dm^3,0.3 g/dm^3,False
3.02 ,207.0 mg/dm^3,0.046 g(sodium chloride)/dm^3,2.0 g/dm^3,0.51 g/dm^3,False
3.24 ,137.0 mg/dm^3,0.034 g(sodium chloride)/dm^3,3.9 g/dm^3,0.31 g/dm^3,True
2.97 ,128.0 mg/dm^3,0.039 g(sodium chloride)/dm^3,1.4 g/dm^3,0.35 g/dm^3,False
3.6 ,45.0 mg/dm^3,0.077 g(sodium chloride)/dm^3,1.9 g/dm^3,0.08 g/dm^3,False
3.14 ,108.0 mg/dm^3,0.04 g(sodium chloride)/dm^3,4.3 g/dm^3,0.34 g/dm^3,True
3.47 ,51.0 mg/dm^3,0.079 g(sodium chloride)/dm^3,2.0 g/dm^3,0.31 g/dm^3,False
3.12 ,177.0 mg/dm^3,0.033 g(sodium chloride)/dm^3,12.9 g/dm^3,0.3 g/dm^3,True
3.4 ,178.0 mg/dm^3,0.051 g(sodium chloride)/dm^3,15.2 g/dm^3,0.37 g/dm^3,True
3.18 ,107.0 mg/dm^3,0.037 g(sodium chloride)/dm^3,1.5 g/dm^3,0.35 g/dm^3,True
3.17 ,191.0 mg/dm^3,0.048 g(sodium chloride)/dm^3,2.0 g/dm^3,0.2 g/dm^3,False
3.34 ,123.0 mg/dm^3,0.04 g(sodium chloride)/dm^3,1.6 g/dm^3,0.26 g/dm^3,True
3.03 ,133.0 mg/dm^3,0.043 g(sodium chloride)/dm^3,11.8 g/dm^3,0.3 g/dm^3,True
2.88 ,106.0 mg/dm^3,0.045 g(sodium chloride)/dm^3,1.4 g/dm^3,0.4 g/dm^3,True
3.31 ,105.0 mg/dm^3,0.03 g(sodium chloride)/dm^3,1.8 g/dm^3,0.24 g/dm^3,True
3.06 ,70.0 mg/dm^3,0.046 g(sodium chloride)/dm^3,1.7 g/dm^3,0.59 g/dm^3,False
3.0 ,189.0 mg/dm^3,0.05 g(sodium chloride)/dm^3,1.8 g/dm^3,0.25 g/dm^3,True
3.29 ,184.0 mg/dm^3,0.04 g(sodium chloride)/dm^3,1.4 g/dm^3,0.34 g/dm^3,False
3.24 ,117.0 mg/dm^3,0.04 g(sodium chloride)/dm^3,4.2 g/dm^3,0.32 g/dm^3,True
3.31 ,19.0 mg/dm^3,0.022 g(sodium chloride)/dm^3,4.6 g/dm^3,0.4 g/dm^3,False
3.29 ,40.0 mg/dm^3,0.089 g(sodium chloride)/dm^3,2.9 g/dm^3,0.1 g/dm^3,False
3.05 ,76.0 mg/dm^3,0.038 g(sodium chloride)/dm^3,3.6 g/dm^3,0.32 g/dm^3,False
3.36 ,54.0 mg/dm^3,0.093 g(sodium chloride)/dm^3,2.5 g/dm^3,0.14 g/dm^3,False
3.35 ,158.0 mg/dm^3,0.044 g(sodium chloride)/dm^3,4.2 g/dm^3,0.28 g/dm^3,True
3.0 ,201.0 mg/dm^3,0.063 g(sodium chloride)/dm^3,14.6 g/dm^3,0.32 g/dm^3,False
2.87 ,103.0 mg/dm^3,0.148 g(sodium chloride)/dm^3,2.2 g/dm^3,0.18 g/dm^3,False
3.54 ,101.0 mg/dm^3,0.042 g(sodium chloride)/dm^3,1.4 g/dm^3,0.29 g/dm^3,True
3.05 ,14.0 mg/dm^3,0.121 g(sodium chloride)/dm^3,3.65 g/dm^3,0.66 g/dm^3,False
3.37 ,128.0 mg/dm^3,0.039 g(sodium chloride)/dm^3,18.6 g/dm^3,0.04 g/dm^3,True
3.21 ,148.0 mg/dm^3,0.04 g(sodium chloride)/dm^3,1.7 g/dm^3,0.32 g/dm^3,True
3.05 ,27.0 mg/dm^3,0.073 g(sodium chloride)/dm^3,2.5 g/dm^3,0.46 g/dm^3,False
3.18 ,157.0 mg/dm^3,0.051 g(sodium chloride)/dm^3,5.2 g/dm^3,0.49 g/dm^3,True
3.34 ,67.0 mg/dm^3,0.082 g(sodium chloride)/dm^3,2.0 g/dm^3,0.48 g/dm^3,False
3.14 ,142.0 mg/dm^3,0.043 g(sodium chloride)/dm^3,6.4 g/dm^3,0.1 g/dm^3,False
3.33 ,35.0 mg/dm^3,0.08 g(sodium chloride)/dm^3,2.0 g/dm^3,0.21 g/dm^3,False
3.05 ,57.0 mg/dm^3,0.034 g(sodium chloride)/dm^3,1.2 g/dm^3,0.37 g/dm^3,False
3.13 ,85.0 mg/dm^3,0.026 g(sodium chloride)/dm^3,2.5 g/dm^3,0.33 g/dm^3,True
3.42 ,113.0 mg/dm^3,0.043 g(sodium chloride)/dm^3,8.8 g/dm^3,0.34 g/dm^3,True
3.13 ,150.0 mg/dm^3,0.05 g(sodium chloride)/dm^3,4.8 g/dm^3,0.28 g/dm^3,True
3.4 ,14.0 mg/dm^3,0.067 g(sodium chloride)/dm^3,2.2 g/dm^3,0.0 g/dm^3,False
3.16 ,139.0 mg/dm^3,0.03 g(sodium chloride)/dm^3,2.1 g/dm^3,0.27 g/dm^3,True
3.34 ,101.0 mg/dm^3,0.047 g(sodium chloride)/dm^3,9.9 g/dm^3,0.27 g/dm^3,True
3.17 ,184.0 mg/dm^3,0.047 g(sodium chloride)/dm^3,7.6 g/dm^3,0.5 g/dm^3,False
3.51 ,51.0 mg/dm^3,0.029 g(sodium chloride)/dm^3,1.1 g/dm^3,0.11 g/dm^3,False
3.17 ,144.0 mg/dm^3,0.048 g(sodium chloride)/dm^3,1.4 g/dm^3,0.07 g/dm^3,False
3.19 ,131.0 mg/dm^3,0.043 g(sodium chloride)/dm^3,1.3 g/dm^3,0.47 g/dm^3,True
3.03 ,119.0 mg/dm^3,0.029 g(sodium chloride)/dm^3,2.4 g/dm^3,0.29 g/dm^3,True
3.04 ,182.0 mg/dm^3,0.038 g(sodium chloride)/dm^3,10.4 g/dm^3,0.42 g/dm^3,True
3.03 ,201.0 mg/dm^3,0.042 g(sodium chloride)/dm^3,2.2 g/dm^3,0.4 g/dm^3,False
3.34 ,104.0 mg/dm^3,0.028 g(sodium chloride)/dm^3,4.8 g/dm^3,0.27 g/dm^3,True
3.59 ,63.0 mg/dm^3,0.1 g(sodium chloride)/dm^3,2.2 g/dm^3,0.0 g/dm^3,False
3.21 ,159.0 mg/dm^3,0.048 g(sodium chloride)/dm^3,6.3 g/dm^3,0.32 g/dm^3,True
3.19 ,98.0 mg/dm^3,0.048 g(sodium chloride)/dm^3,1.1 g/dm^3,0.49 g/dm^3,False
3.17 ,140.0 mg/dm^3,0.035 g(sodium chloride)/dm^3,1.1 g/dm^3,0.29 g/dm^3,True
3.29 ,131.0 mg/dm^3,0.059 g(sodium chloride)/dm^3,6.85 g/dm^3,0.31 g/dm^3,False
3.39 ,163.0 mg/dm^3,0.031 g(sodium chloride)/dm^3,2.1 g/dm^3,0.3 g/dm^3,True
3.21 ,134.0 mg/dm^3,0.031 g(sodium chloride)/dm^3,4.7 g/dm^3,0.34 g/dm^3,True
3.51 ,127.0 mg/dm^3,0.034 g(sodium chloride)/dm^3,6.0 g/dm^3,0.32 g/dm^3,True
3.29 ,14.0 mg/dm^3,0.078 g(sodium chloride)/dm^3,1.6 g/dm^3,0.04 g/dm^3,False
3.36 ,122.0 mg/dm^3,0.034 g(sodium chloride)/dm^3,4.9 g/dm^3,0.27 g/dm^3,True
3.06 ,221.0 mg/dm^3,0.048 g(sodium chloride)/dm^3,9.2 g/dm^3,0.31 g/dm^3,True
3.36 ,75.0 mg/dm^3,0.028 g(sodium chloride)/dm^3,5.4 g/dm^3,0.33 g/dm^3,True
3.26 ,119.0 mg/dm^3,0.073 g(sodium chloride)/dm^3,3.2 g/dm^3,0.23 g/dm^3,False
3.15 ,129.0 mg/dm^3,0.049 g(sodium chloride)/dm^3,1.5 g/dm^3,0.37 g/dm^3,False
3.47 ,77.0 mg/dm^3,0.064 g(sodium chloride)/dm^3,1.9 g/dm^3,0.36 g/dm^3,False
2.79 ,40.0 mg/dm^3,0.025 g(sodium chloride)/dm^3,6.1 g/dm^3,0.35 g/dm^3,False
2.93 ,123.0 mg/dm^3,0.034 g(sodium chloride)/dm^3,11.1 g/dm^3,0.38 g/dm^3,False
3.16 ,160.0 mg/dm^3,0.057 g(sodium chloride)/dm^3,8.4 g/dm^3,0.27 g/dm^3,True
3.36 ,103.0 mg/dm^3,0.039 g(sodium chloride)/dm^3,5.1 g/dm^3,0.26 g/dm^3,True
3.24 ,38.0 mg/dm^3,0.099 g(sodium chloride)/dm^3,2.5 g/dm^3,0.33 g/dm^3,False
3.4 ,19.0 mg/dm^3,0.093 g(sodium chloride)/dm^3,2.0 g/dm^3,0.08 g/dm^3,False
3.08 ,108.0 mg/dm^3,0.042 g(sodium chloride)/dm^3,1.8 g/dm^3,0.25 g/dm^3,False
3.08 ,173.0 mg/dm^3,0.043 g(sodium chloride)/dm^3,11.3 g/dm^3,0.37 g/dm^3,True
3.19 ,70.0 mg/dm^3,0.048 g(sodium chloride)/dm^3,6.1 g/dm^3,0.01 g/dm^3,False
3.13 ,37.0 mg/dm^3,0.051 g(sodium chloride)/dm^3,12.4 g/dm^3,0.34 g/dm^3,True
3.18 ,177.0 mg/dm^3,0.053 g(sodium chloride)/dm^3,11.1 g/dm^3,0.46 g/dm^3,False
3.12 ,103.0 mg/dm^3,0.046 g(sodium chloride)/dm^3,1.9 g/dm^3,0.28 g/dm^3,False
3.04 ,119.0 mg/dm^3,0.046 g(sodium chloride)/dm^3,7.7 g/dm^3,0.33 g/dm^3,True
3.22 ,140.0 mg/dm^3,0.046 g(sodium chloride)/dm^3,5.6 g/dm^3,0.34 g/dm^3,False
3.24 ,126.0 mg/dm^3,0.053 g(sodium chloride)/dm^3,4.5 g/dm^3,0.26 g/dm^3,False
3.24 ,96.0 mg/dm^3,0.027 g(sodium chloride)/dm^3,3.9 g/dm^3,0.31 g/dm^3,True
2.92 ,120.0 mg/dm^3,0.033 g(sodium chloride)/dm^3,5.6 g/dm^3,0.24 g/dm^3,True
3.28 ,131.0 mg/dm^3,0.05 g(sodium chloride)/dm^3,4.6 g/dm^3,0.33 g/dm^3,True
3.02 ,98.0 mg/dm^3,0.034 g(sodium chloride)/dm^3,1.3 g/dm^3,0.36 g/dm^3,True
3.08 ,93.0 mg/dm^3,0.035 g(sodium chloride)/dm^3,3.6 g/dm^3,0.32 g/dm^3,True
3.27 ,31.0 mg/dm^3,0.097 g(sodium chloride)/dm^3,2.5 g/dm^3,0.26 g/dm^3,False
3.15 ,98.0 mg/dm^3,0.03 g(sodium chloride)/dm^3,12.0 g/dm^3,0.27 g/dm^3,False
3.36 ,128.0 mg/dm^3,0.045 g(sodium chloride)/dm^3,1.3 g/dm^3,0.26 g/dm^3,True
3.41 ,28.0 mg/dm^3,0.078 g(sodium chloride)/dm^3,2.1 g/dm^3,0.24 g/dm^3,False
3.06 ,160.0 mg/dm^3,0.041 g(sodium chloride)/dm^3,10.2 g/dm^3,0.69 g/dm^3,False
3.46 ,68.0 mg/dm^3,0.071 g(sodium chloride)/dm^3,2.3 g/dm^3,0.44 g/dm^3,False
3.08 ,149.0 mg/dm^3,0.16 g(sodium chloride)/dm^3,1.3 g/dm^3,0.71 g/dm^3,False
3.15 ,163.0 mg/dm^3,0.05 g(sodium chloride)/dm^3,16.75 g/dm^3,0.58 g/dm^3,False
3.22 ,168.0 mg/dm^3,0.042 g(sodium chloride)/dm^3,5.0 g/dm^3,0.28 g/dm^3,True
3.24 ,36.0 mg/dm^3,0.102 g(sodium chloride)/dm^3,2.1 g/dm^3,0.13 g/dm^3,False
3.39 ,11.0 mg/dm^3,0.166 g(sodium chloride)/dm^3,2.0 g/dm^3,0.0 g/dm^3,False
3.23 ,108.0 mg/dm^3,0.058 g(sodium chloride)/dm^3,1.2 g/dm^3,0.18 g/dm^3,False
3.06 ,173.0 mg/dm^3,0.073 g(sodium chloride)/dm^3,15.4 g/dm^3,0.29 g/dm^3,True
3.05 ,150.0 mg/dm^3,0.037 g(sodium chloride)/dm^3,1.8 g/dm^3,0.24 g/dm^3,True
3.32 ,38.0 mg/dm^3,0.07 g(sodium chloride)/dm^3,1.4 g/dm^3,0.0 g/dm^3,False
3.14 ,180.0 mg/dm^3,0.05 g(sodium chloride)/dm^3,7.9 g/dm^3,0.26 g/dm^3,False
3.4 ,303.0 mg/dm^3,0.081 g(sodium chloride)/dm^3,5.95 g/dm^3,0.22 g/dm^3,False
3.22 ,78.0 mg/dm^3,0.03 g(sodium chloride)/dm^3,2.6 g/dm^3,0.35 g/dm^3,True
3.49 ,156.0 mg/dm^3,0.06 g(sodium chloride)/dm^3,4.8 g/dm^3,0.29 g/dm^3,True
3.18 ,16.0 mg/dm^3,0.222 g(sodium chloride)/dm^3,1.8 g/dm^3,0.36 g/dm^3,False
3.13 ,17.0 mg/dm^3,0.122 g(sodium chloride)/dm^3,2.7 g/dm^3,0.5 g/dm^3,False
3.46 ,65.0 mg/dm^3,0.079 g(sodium chloride)/dm^3,1.7 g/dm^3,0.31 g/dm^3,False
3.51 ,28.0 mg/dm^3,0.092 g(sodium chloride)/dm^3,2.6 g/dm^3,0.12 g/dm^3,False
3.39 ,23.0 mg/dm^3,0.082 g(sodium chloride)/dm^3,1.9 g/dm^3,0.2 g/dm^3,False
3.32 ,23.0 mg/dm^3,0.088 g(sodium chloride)/dm^3,1.6 g/dm^3,0.26 g/dm^3,False
3.22 ,113.0 mg/dm^3,0.046 g(sodium chloride)/dm^3,1.7 g/dm^3,0.45 g/dm^3,False
3.38 ,90.0 mg/dm^3,0.074 g(sodium chloride)/dm^3,2.6 g/dm^3,0.01 g/dm^3,False
3.2 ,142.0 mg/dm^3,0.044 g(sodium chloride)/dm^3,10.4 g/dm^3,0.39 g/dm^3,True
3.21 ,158.0 mg/dm^3,0.054 g(sodium chloride)/dm^3,1.5 g/dm^3,0.39 g/dm^3,True
3.18 ,20.0 mg/dm^3,0.075 g(sodium chloride)/dm^3,1.8 g/dm^3,0.49 g/dm^3,False
3.07 ,61.0 mg/dm^3,0.029 g(sodium chloride)/dm^3,1.7 g/dm^3,0.52 g/dm^3,False
3.5 ,44.0 mg/dm^3,0.077 g(sodium chloride)/dm^3,1.9 g/dm^3,0.0 g/dm^3,False
3.32 ,84.0 mg/dm^3,0.073 g(sodium chloride)/dm^3,2.6 g/dm^3,0.48 g/dm^3,False
3.35 ,157.0 mg/dm^3,0.043 g(sodium chloride)/dm^3,5.3 g/dm^3,0.31 g/dm^3,False
3.03 ,174.0 mg/dm^3,0.05 g(sodium chloride)/dm^3,15.4 g/dm^3,0.34 g/dm^3,True
3.36 ,28.0 mg/dm^3,0.084 g(sodium chloride)/dm^3,1.8 g/dm^3,0.25 g/dm^3,False
3.1 ,168.0 mg/dm^3,0.041 g(sodium chloride)/dm^3,12.8 g/dm^3,0.33 g/dm^3,False
3.38 ,161.0 mg/dm^3,0.037 g(sodium chloride)/dm^3,6.4 g/dm^3,0.49 g/dm^3,True
3.23 ,102.0 mg/dm^3,0.027 g(sodium chloride)/dm^3,3.0 g/dm^3,0.29 g/dm^3,True
3.28 ,85.0 mg/dm^3,0.036 g(sodium chloride)/dm^3,3.0 g/dm^3,0.18 g/dm^3,False
3.5 ,19.0 mg/dm^3,0.172 g(sodium chloride)/dm^3,1.5 g/dm^3,0.09 g/dm^3,False
3.14 ,177.0 mg/dm^3,0.041 g(sodium chloride)/dm^3,1.4 g/dm^3,0.22 g/dm^3,False
3.5 ,16.0 mg/dm^3,0.082 g(sodium chloride)/dm^3,1.8 g/dm^3,0.0 g/dm^3,False
3.33 ,98.0 mg/dm^3,0.074 g(sodium chloride)/dm^3,2.1 g/dm^3,0.29 g/dm^3,False
3.14 ,104.0 mg/dm^3,0.052 g(sodium chloride)/dm^3,3.1 g/dm^3,0.23 g/dm^3,False
3.06 ,84.0 mg/dm^3,0.08 g(sodium chloride)/dm^3,2.8 g/dm^3,0.43 g/dm^3,False
3.27 ,155.0 mg/dm^3,0.035 g(sodium chloride)/dm^3,5.7 g/dm^3,0.54 g/dm^3,True
3.39 ,26.0 mg/dm^3,0.084 g(sodium chloride)/dm^3,2.6 g/dm^3,0.1 g/dm^3,False
3.38 ,120.0 mg/dm^3,0.034 g(sodium chloride)/dm^3,6.8 g/dm^3,0.26 g/dm^3,True
3.3 ,65.0 mg/dm^3,0.06 g(sodium chloride)/dm^3,2.2 g/dm^3,0.26 g/dm^3,False
3.21 ,197.0 mg/dm^3,0.044 g(sodium chloride)/dm^3,7.9 g/dm^3,0.16 g/dm^3,False
3.01 ,195.0 mg/dm^3,0.056 g(sodium chloride)/dm^3,13.3 g/dm^3,0.5 g/dm^3,False
3.16 ,139.0 mg/dm^3,0.039 g(sodium chloride)/dm^3,5.1 g/dm^3,0.28 g/dm^3,True
3.26 ,26.0 mg/dm^3,0.047 g(sodium chloride)/dm^3,1.4 g/dm^3,0.17 g/dm^3,False
3.25 ,95.0 mg/dm^3,0.037 g(sodium chloride)/dm^3,7.4 g/dm^3,0.33 g/dm^3,True
3.2 ,134.0 mg/dm^3,0.036 g(sodium chloride)/dm^3,4.9 g/dm^3,0.27 g/dm^3,True
3.12 ,169.0 mg/dm^3,0.044 g(sodium chloride)/dm^3,13.4 g/dm^3,0.32 g/dm^3,True
3.38 ,36.0 mg/dm^3,0.081 g(sodium chloride)/dm^3,2.3 g/dm^3,0.05 g/dm^3,False
3.37 ,37.0 mg/dm^3,0.077 g(sodium chloride)/dm^3,3.0 g/dm^3,0.19 g/dm^3,False
3.19 ,217.0 mg/dm^3,0.049 g(sodium chloride)/dm^3,15.2 g/dm^3,0.27 g/dm^3,False
3.21 ,187.0 mg/dm^3,0.042 g(sodium chloride)/dm^3,8.0 g/dm^3,0.38 g/dm^3,False
3.1 ,64.0 mg/dm^3,0.042 g(sodium chloride)/dm^3,1.1 g/dm^3,0.33 g/dm^3,True
3.17 ,169.0 mg/dm^3,0.045 g(sodium chloride)/dm^3,7.1 g/dm^3,0.42 g/dm^3,False
3.13 ,63.0 mg/dm^3,0.029 g(sodium chloride)/dm^3,2.0 g/dm^3,0.36 g/dm^3,True
3.36 ,35.0 mg/dm^3,0.075 g(sodium chloride)/dm^3,2.2 g/dm^3,0.13 g/dm^3,False
3.2 ,13.0 mg/dm^3,0.074 g(sodium chloride)/dm^3,1.7 g/dm^3,0.21 g/dm^3,False
3.12 ,130.0 mg/dm^3,0.047 g(sodium chloride)/dm^3,4.9 g/dm^3,0.33 g/dm^3,True
3.24 ,16.0 mg/dm^3,0.068 g(sodium chloride)/dm^3,2.8 g/dm^3,0.28 g/dm^3,False
3.1 ,60.0 mg/dm^3,0.076 g(sodium chloride)/dm^3,1.7 g/dm^3,0.2 g/dm^3,False
3.26 ,156.0 mg/dm^3,0.037 g(sodium chloride)/dm^3,1.3 g/dm^3,0.13 g/dm^3,False
3.16 ,187.0 mg/dm^3,0.051 g(sodium chloride)/dm^3,8.2 g/dm^3,0.19 g/dm^3,False
3.1 ,124.0 mg/dm^3,0.038 g(sodium chloride)/dm^3,1.2 g/dm^3,0.22 g/dm^3,False
3.3 ,51.0 mg/dm^3,0.033 g(sodium chloride)/dm^3,0.9 g/dm^3,0.49 g/dm^3,True
3.23 ,126.0 mg/dm^3,0.051 g(sodium chloride)/dm^3,11.8 g/dm^3,0.18 g/dm^3,False
3.07 ,94.0 mg/dm^3,0.052 g(sodium chloride)/dm^3,15.8 g/dm^3,0.48 g/dm^3,True
3.04 ,71.0 mg/dm^3,0.041 g(sodium chloride)/dm^3,1.3 g/dm^3,0.26 g/dm^3,True
3.28 ,213.0 mg/dm^3,,4.2 g/dm^3,0.3 g/dm^3,True
2.91 ,124.0 mg/dm^3,0.028 g(sodium chloride)/dm^3,4.3 g/dm^3,0.51 g/dm^3,True
3.35 ,102.0 mg/dm^3,0.071 g(sodium chloride)/dm^3,6.1 g/dm^3,0.36 g/dm^3,False
3.1 ,237.0 mg/dm^3,0.039 g(sodium chloride)/dm^3,19.5 g/dm^3,0.29 g/dm^3,True
3.14 ,176.0 mg/dm^3,0.056 g(sodium chloride)/dm^3,1.6 g/dm^3,0.34 g/dm^3,False
,156.0 mg/dm^3,0.037 g(sodium chloride)/dm^3,7.4 g/dm^3,0.36 g/dm^3,True
3.02 ,152.0 mg/dm^3,0.038 g(sodium chloride)/dm^3,11.7 g/dm^3,0.26 g/dm^3,True
3.1 ,214.0 mg/dm^3,0.032 g(sodium chloride)/dm^3,11.6 g/dm^3,0.4 g/dm^3,True
3.17 ,185.0 mg/dm^3,0.036 g(sodium chloride)/dm^3,6.3 g/dm^3,0.14 g/dm^3,False
3.41 ,77.0 mg/dm^3,0.026 g(sodium chloride)/dm^3,4.2 g/dm^3,0.34 g/dm^3,True
3.17 ,119.0 mg/dm^3,0.045 g(sodium chloride)/dm^3,1.4 g/dm^3,0.36 g/dm^3,False
2.99 ,15.0 mg/dm^3,0.071 g(sodium chloride)/dm^3,2.0 g/dm^3,0.63 g/dm^3,False
2.9 ,172.0 mg/dm^3,0.058 g(sodium chloride)/dm^3,13.7 g/dm^3,0.39 g/dm^3,True
3.22 ,128.0 mg/dm^3,0.053 g(sodium chloride)/dm^3,3.1 g/dm^3,0.26 g/dm^3,True
3.0 ,106.0 mg/dm^3,0.046 g(sodium chloride)/dm^3,1.1 g/dm^3,0.4 g/dm^3,False
3.06 ,26.0 mg/dm^3,0.413 g(sodium chloride)/dm^3,1.8 g/dm^3,0.53 g/dm^3,False
3.04 ,118.0 mg/dm^3,0.044 g(sodium chloride)/dm^3,12.6 g/dm^3,0.24 g/dm^3,True
3.19 ,109.0 mg/dm^3,0.035 g(sodium chloride)/dm^3,4.9 g/dm^3,0.28 g/dm^3,True
3.04 ,29.0 mg/dm^3,0.04 g(sodium chloride)/dm^3,5.0 g/dm^3,0.46 g/dm^3,False
3.4 ,8.0 mg/dm^3,0.05 g(sodium chloride)/dm^3,2.3 g/dm^3,0.34 g/dm^3,False
3.08 ,231.0 mg/dm^3,0.045 g(sodium chloride)/dm^3,13.6 g/dm^3,0.4 g/dm^3,True
3.37 ,68.0 mg/dm^3,0.075 g(sodium chloride)/dm^3,2.5 g/dm^3,0.21 g/dm^3,False
3.25 ,66.0 mg/dm^3,0.02 g(sodium chloride)/dm^3,1.4 g/dm^3,0.39 g/dm^3,True
3.3 ,118.0 mg/dm^3,0.034 g(sodium chloride)/dm^3,1.6 g/dm^3,0.29 g/dm^3,True
2.92 ,124.0 mg/dm^3,0.042 g(sodium chloride)/dm^3,11.6 g/dm^3,0.36 g/dm^3,True
3.37 ,63.0 mg/dm^3,0.073 g(sodium chloride)/dm^3,2.6 g/dm^3,0.25 g/dm^3,False
3.0 ,171.0 mg/dm^3,0.062 g(sodium chloride)/dm^3,12.8 g/dm^3,0.3 g/dm^3,True
3.17 ,117.0 mg/dm^3,0.047 g(sodium chloride)/dm^3,1.6 g/dm^3,0.3 g/dm^3,True
3.29 ,150.0 mg/dm^3,0.048 g(sodium chloride)/dm^3,2.3 g/dm^3,0.3 g/dm^3,True
3.21 ,84.0 mg/dm^3,0.048 g(sodium chloride)/dm^3,1.1 g/dm^3,0.1 g/dm^3,False
3.24 ,117.0 mg/dm^3,0.044 g(sodium chloride)/dm^3,3.15 g/dm^3,0.29 g/dm^3,False
3.24 ,216.0 mg/dm^3,0.04 g(sodium chloride)/dm^3,8.1 g/dm^3,0.55 g/dm^3,False
3.16 ,175.0 mg/dm^3,0.045 g(sodium chloride)/dm^3,6.6 g/dm^3,0.19 g/dm^3,True
3.15 ,179.0 mg/dm^3,0.048 g(sodium chloride)/dm^3,7.1 g/dm^3,0.44 g/dm^3,False
2.99 ,111.0 mg/dm^3,0.041 g(sodium chloride)/dm^3,1.2 g/dm^3,0.19 g/dm^3,True
3.4 ,113.0 mg/dm^3,0.028 g(sodium chloride)/dm^3,3.5 g/dm^3,0.32 g/dm^3,True
3.42 ,129.0 mg/dm^3,0.07 g(sodium chloride)/dm^3,5.5 g/dm^3,0.42 g/dm^3,False
3.14 ,164.0 mg/dm^3,0.046 g(sodium chloride)/dm^3,15.9 g/dm^3,0.66 g/dm^3,True
3.48 ,81.0 mg/dm^3,0.086 g(sodium chloride)/dm^3,3.0 g/dm^3,0.31 g/dm^3,False
3.12 ,110.0 mg/dm^3,0.038 g(sodium chloride)/dm^3,1.1 g/dm^3,0.28 g/dm^3,True
3.28 ,104.0 mg/dm^3,0.08 g(sodium chloride)/dm^3,2.0 g/dm^3,0.26 g/dm^3,False
3.46 ,58.0 mg/dm^3,0.124 g(sodium chloride)/dm^3,5.6 g/dm^3,0.0 g/dm^3,False
3.24 ,82.0 mg/dm^3,0.021 g(sodium chloride)/dm^3,1.7 g/dm^3,0.4 g/dm^3,True
3.15 ,93.0 mg/dm^3,0.049 g(sodium chloride)/dm^3,6.8 g/dm^3,0.26 g/dm^3,True
3.28 ,10.0 mg/dm^3,0.067 g(sodium chloride)/dm^3,2.0 g/dm^3,0.09 g/dm^3,False
3.23 ,109.0 mg/dm^3,0.047 g(sodium chloride)/dm^3,1.2 g/dm^3,0.53 g/dm^3,True
3.28 ,170.0 mg/dm^3,0.045 g(sodium chloride)/dm^3,12.3 g/dm^3,0.27 g/dm^3,True
3.05 ,105.0 mg/dm^3,0.056 g(sodium chloride)/dm^3,13.2 g/dm^3,0.64 g/dm^3,False
2.98 ,160.0 mg/dm^3,0.046 g(sodium chloride)/dm^3,12.2 g/dm^3,0.71 g/dm^3,False
3.08 ,132.0 mg/dm^3,0.06 g(sodium chloride)/dm^3,7.2 g/dm^3,0.28 g/dm^3,True
3.26 ,14.0 mg/dm^3,0.062 g(sodium chloride)/dm^3,2.1 g/dm^3,0.55 g/dm^3,False
3.32 ,111.0 mg/dm^3,0.036 g(sodium chloride)/dm^3,6.0 g/dm^3,0.33 g/dm^3,True
3.36 ,33.0 mg/dm^3,0.084 g(sodium chloride)/dm^3,3.2 g/dm^3,0.0 g/dm^3,False
3.26 ,19.0 mg/dm^3,0.087 g(sodium chloride)/dm^3,2.6 g/dm^3,0.22 g/dm^3,False
3.19 ,100.0 mg/dm^3,0.05 g(sodium chloride)/dm^3,2.05 g/dm^3,0.36 g/dm^3,True
3.19 ,173.0 mg/dm^3,0.046 g(sodium chloride)/dm^3,6.9 g/dm^3,0.42 g/dm^3,False
3.25 ,95.0 mg/dm^3,0.037 g(sodium chloride)/dm^3,0.9 g/dm^3,0.41 g/dm^3,True
3.4 ,115.0 mg/dm^3,0.051 g(sodium chloride)/dm^3,12.55 g/dm^3,0.16 g/dm^3,True
3.32 ,83.0 mg/dm^3,0.035 g(sodium chloride)/dm^3,1.5 g/dm^3,0.31 g/dm^3,True
3.13 ,197.0 mg/dm^3,0.03 g(sodium chloride)/dm^3,9.6 g/dm^3,0.49 g/dm^3,True
3.16 ,90.0 mg/dm^3,0.044 g(sodium chloride)/dm^3,10.7 g/dm^3,0.36 g/dm^3,True
3.22 ,99.0 mg/dm^3,0.112 g(sodium chloride)/dm^3,6.6 g/dm^3,0.34 g/dm^3,False
3.54 ,89.0 mg/dm^3,0.048 g(sodium chloride)/dm^3,2.2 g/dm^3,0.11 g/dm^3,False
3.6 ,151.0 mg/dm^3,0.046 g(sodium chloride)/dm^3,6.2 g/dm^3,0.29 g/dm^3,True
3.04 ,73.0 mg/dm^3,0.041 g(sodium chloride)/dm^3,2.0 g/dm^3,0.34 g/dm^3,True
3.34 ,30.0 mg/dm^3,0.086 g(sodium chloride)/dm^3,2.5 g/dm^3,0.14 g/dm^3,False
3.07 ,95.0 mg/dm^3,0.023 g(sodium chloride)/dm^3,2.2 g/dm^3,0.26 g/dm^3,True
3.8 ,135.0 mg/dm^3,0.052 g(sodium chloride)/dm^3,1.7 g/dm^3,0.24 g/dm^3,True
3.27 ,91.0 mg/dm^3,0.054 g(sodium chloride)/dm^3,1.9 g/dm^3,0.39 g/dm^3,True
3.29 ,147.0 mg/dm^3,0.026 g(sodium chloride)/dm^3,1.6 g/dm^3,0.32 g/dm^3,True
3.17 ,141.0 mg/dm^3,0.117 g(sodium chloride)/dm^3,1.8 g/dm^3,0.55 g/dm^3,False
3.15 ,87.0 mg/dm^3,0.033 g(sodium chloride)/dm^3,10.6 g/dm^3,0.3 g/dm^3,True
2.98 ,107.0 mg/dm^3,0.038 g(sodium chloride)/dm^3,7.0 g/dm^3,0.37 g/dm^3,True
3.13 ,194.0 mg/dm^3,0.062 g(sodium chloride)/dm^3,8.0 g/dm^3,0.51 g/dm^3,False
3.1 ,111.0 mg/dm^3,0.047 g(sodium chloride)/dm^3,17.8 g/dm^3,0.24 g/dm^3,True
3.03 ,143.0 mg/dm^3,0.014 g(sodium chloride)/dm^3,2.4 g/dm^3,0.31 g/dm^3,False
3.17 ,222.0 mg/dm^3,0.052 g(sodium chloride)/dm^3,12.6 g/dm^3,0.48 g/dm^3,True
3.5 ,79.0 mg/dm^3,0.037 g(sodium chloride)/dm^3,1.1 g/dm^3,0.3 g/dm^3,True
3.07 ,28.0 mg/dm^3,0.091 g(sodium chloride)/dm^3,1.4 g/dm^3,0.4 g/dm^3,False
3.1 ,204.0 mg/dm^3,0.045 g(sodium chloride)/dm^3,7.6 g/dm^3,0.32 g/dm^3,True
3.1 ,149.0 mg/dm^3,0.048 g(sodium chloride)/dm^3,2.4 g/dm^3,0.27 g/dm^3,True
3.55 ,28.0 mg/dm^3,0.066 g(sodium chloride)/dm^3,1.8 g/dm^3,0.11 g/dm^3,False
3.27 ,90.0 mg/dm^3,0.047 g(sodium chloride)/dm^3,1.4 g/dm^3,0.18 g/dm^3,True
3.25 ,111.0 mg/dm^3,0.048 g(sodium chloride)/dm^3,8.9 g/dm^3,0.34 g/dm^3,True
3.34 ,75.0 mg/dm^3,0.036 g(sodium chloride)/dm^3,1.4 g/dm^3,0.31 g/dm^3,True
3.23 ,145.0 mg/dm^3,0.043 g(sodium chloride)/dm^3,9.3 g/dm^3,0.19 g/dm^3,False
2.9 ,86.0 mg/dm^3,0.031 g(sodium chloride)/dm^3,0.9 g/dm^3,0.24 g/dm^3,True
3.34 ,123.0 mg/dm^3,0.042 g(sodium chloride)/dm^3,8.4 g/dm^3,0.36 g/dm^3,True
3.02 ,140.0 mg/dm^3,0.026 g(sodium chloride)/dm^3,1.7 g/dm^3,0.41 g/dm^3,True
3.14 ,133.0 mg/dm^3,0.058 g(sodium chloride)/dm^3,3.2 g/dm^3,0.46 g/dm^3,False
3.26 ,170.0 mg/dm^3,0.037 g(sodium chloride)/dm^3,17.2 g/dm^3,0.42 g/dm^3,True
3.47 ,212.0 mg/dm^3,0.08 g(sodium chloride)/dm^3,8.8 g/dm^3,0.17 g/dm^3,False
3.53 ,65.0 mg/dm^3,0.074 g(sodium chloride)/dm^3,4.1 g/dm^3,0.21 g/dm^3,False
2.93 ,98.0 mg/dm^3,0.038 g(sodium chloride)/dm^3,5.7 g/dm^3,0.36 g/dm^3,True
3.06 ,88.0 mg/dm^3,0.035 g(sodium chloride)/dm^3,8.15 g/dm^3,0.26 g/dm^3,True
3.11 ,19.0 mg/dm^3,0.071 g(sodium chloride)/dm^3,2.1 g/dm^3,0.55 g/dm^3,False
3.43 ,86.0 mg/dm^3,0.105 g(sodium chloride)/dm^3,3.4 g/dm^3,0.22 g/dm^3,False
3.27 ,79.0 mg/dm^3,0.035 g(sodium chloride)/dm^3,1.7 g/dm^3,0.31 g/dm^3,True
3.21 ,117.0 mg/dm^3,0.041 g(sodium chloride)/dm^3,0.9 g/dm^3,0.33 g/dm^3,False
3.36 ,37.0 mg/dm^3,0.076 g(sodium chloride)/dm^3,2.8 g/dm^3,0.14 g/dm^3,False
3.59 ,204.0 mg/dm^3,0.06 g(sodium chloride)/dm^3,1.3 g/dm^3,0.24 g/dm^3,False
3.07 ,94.0 mg/dm^3,0.052 g(sodium chloride)/dm^3,15.8 g/dm^3,0.48 g/dm^3,True
3.02 ,41.0 mg/dm^3,0.095 g(sodium chloride)/dm^3,1.5 g/dm^3,0.54 g/dm^3,False
3.49 ,97.0 mg/dm^3,0.031 g(sodium chloride)/dm^3,1.2 g/dm^3,0.28 g/dm^3,True
3.35 ,15.0 mg/dm^3,0.093 g(sodium chloride)/dm^3,1.8 g/dm^3,0.01 g/dm^3,False
3.15 ,101.0 mg/dm^3,0.035 g(sodium chloride)/dm^3,3.2 g/dm^3,0.43 g/dm^3,False
